figure,status,panels,data_or_geometry_check,minimum_semantic_font_pt,pixels,dpi,mode,compression,pdf_size_pt,forbidden_math_tokens,comparison
Figure 1,PASS,A-C,non-text SVG geometry SHA-256 unchanged,6.0,3720x1722,600x600,RGB,tiff_lzw,446.4x206.6,none,iScience/02_figures/regenerated/qa/Comparison_Figure_1.png
Figure 2,PASS,A-C,non-text SVG geometry SHA-256 unchanged,8.0,3720x2588,600x600,RGB,tiff_lzw,446.4x310.6,none,iScience/02_figures/regenerated/qa/Comparison_Figure_2.png
Figure 3,PASS,A-E,non-text SVG geometry SHA-256 unchanged,8.0,3720x2877,600x600,RGB,tiff_lzw,446.4x345.3,none,iScience/02_figures/regenerated/qa/Comparison_Figure_3.png
Figure 4,PASS,A-C,non-text SVG geometry SHA-256 unchanged,6.0,3720x2439,600x600,RGB,tiff_lzw,446.4x292.7,none,iScience/02_figures/regenerated/qa/Comparison_Figure_4.png
Figure 5,PASS,single panel,non-text SVG geometry SHA-256 unchanged,6.5,3720x1261,600x600,RGB,tiff_lzw,446.4x151.3,none,iScience/02_figures/regenerated/qa/Comparison_Figure_5.png
Figure 6,PASS,A-D,baseline SVG key values and 14 source-code points matched,7.0,3720x3480,600x600,RGB,tiff_lzw,446.4x417.6,none,iScience/02_figures/regenerated/qa/Comparison_Figure_6.png
Figure 7,PASS,A-B,"source CSV rows verified: OOF=6270, model selection=85",7.0,3720x1830,600x600,RGB,tiff_lzw,446.4x219.6,none,iScience/02_figures/regenerated/qa/Comparison_Figure_7.png
Figure 8,PASS,A-C,source CSV completed rows verified: 108,7.0,3720x1830,600x600,RGB,tiff_lzw,446.4x219.6,none,iScience/02_figures/regenerated/qa/Comparison_Figure_8.png
Figure 9,PASS,A-B,"source CSV verified: 60 candidates, 6x10 groups, 180 replicas",7.0,3720x1800,600x600,RGB,tiff_lzw,446.4x216.0,none,iScience/02_figures/regenerated/qa/Comparison_Figure_9.png
