dataset,sample_id,traj_id,replica,group,cutoff_source,cutoff_nm,method_id,method,parameter,n_frames,sigma_cNE0_corrected_S_cm,sigma_NE_S_cm,sigma_ref_S_cm,pred_ref,NE_ref,cNE_over_NE,abs_log_error,D_Li_cm2s,D_an_cm2s,V_nm3,N_LI,N_AN,neutral_pop,charged_pop,free_cation_count,free_anion_count,free_cation_fraction,free_anion_fraction,largest_cluster_size,pop_1_0,pop_0_1,pop_1_1,pop_2_1,pop_1_2,pop_2_2,alpha_Li_sum,alpha_AN_sum
ref,Traj_14027,14027,1,bottom,rdf_min,0.326,4,coordination_state_filter,Li_TFSI_O_contacts_ge_2,2501,2.0668796557477587e-05,7.704356864597833e-05,8.24e-06,2.5083490967812603,9.34994765121096,0.2682741326852659,0.3993879788313769,9.059502906523337e-09,4.979541762846709e-09,95.97629135738418,100,100,50.307876849260296,52.25429828068772,23.84406237504998,11.494602159136344,0.2384406237504998,0.1149460215913634,12,23.84406237504998,11.494602159136344,46.466613354658136,2.364654138344662,12.35185925629748,3.4490203918432627,100.0,100.0
ref,Traj_26640,26640,1,bottom,rdf_min,0.326,4,coordination_state_filter,Li_TFSI_O_contacts_ge_2,2501,3.848089434384167e-05,0.0001318693080262,7.67e-06,5.017065755390049,17.192869364563236,0.2918108460552187,0.7004497930779633,1.3994946943975921e-08,1.2125106135551889e-08,104.32613717075952,100,100,48.152339064374246,57.02798880447821,26.82526989204318,13.406637345061975,0.2682526989204318,0.1340663734506197,13,26.82526989204318,13.406637345061975,44.62614954018392,1.724110355857657,12.696521391443422,3.19312275089964,100.0,100.0
ref,Traj_27053,27053,1,bottom,rdf_min,0.328,4,coordination_state_filter,Li_TFSI_O_contacts_ge_2,2501,2.102426569572056e-05,6.956938991186091e-05,8.21e-06,2.560811899600556,8.473738113503156,0.3022056930836492,0.4083776792237247,7.787052584718355e-09,5.5373589464996046e-09,100.87711242509774,100,100,46.983206717313074,59.74570171931227,28.52379048380648,14.641343462614952,0.2852379048380647,0.1464134346261495,13,28.52379048380648,14.641343462614952,43.51219512195122,1.32546981207517,12.870451819272292,3.111955217912835,100.0,100.0
ref,Traj_27601,27601,1,bottom,rdf_min,0.332,4,coordination_state_filter,Li_TFSI_O_contacts_ge_2,2501,1.2241785697061613e-05,3.358171195341903e-05,7.75e-06,1.5795852512337565,4.33312412302181,0.3645372729669681,0.1985430700267134,3.3812416418362873e-09,2.143241279010665e-09,86.64661532124006,100,100,46.71691323470612,72.58936425429827,35.139144342263094,23.656137544982005,0.3513914434226309,0.23656137544982,9,35.139144342263094,23.656137544982005,44.315873650539785,1.1719312275089964,11.885245901639344,2.3242702918832467,100.0,100.0
ref,Traj_27607,27607,1,bottom,rdf_min,0.328,4,coordination_state_filter,Li_TFSI_O_contacts_ge_2,2501,2.108010787280637e-05,6.822251645697561e-05,7.29e-06,2.8916471704809834,9.358369884358796,0.3089904765694255,0.4611453006345213,7.092918775520436e-09,4.575605432291534e-09,90.08469161777202,100,100,48.74570171931227,61.13994402239104,28.81407437025189,16.360255897640943,0.2881407437025189,0.1636025589764094,12,28.81407437025189,16.360255897640943,45.72131147540984,1.758096761295482,12.829268292682928,2.777688924430228,100.0,100.0
ref,Traj_27650,27650,1,bottom,rdf_min,0.328,4,coordination_state_filter,Li_TFSI_O_contacts_ge_2,2501,3.512800631271604e-05,0.0001176694278599,6.87e-06,5.113246915970311,17.128009877714703,0.2985312918708186,0.7086967650821435,1.158012594295205e-08,7.0012326664684784e-09,83.17189998280851,100,100,49.74890043982407,58.64214314274291,27.43142742902839,16.1531387445022,0.2743142742902839,0.161531387445022,13,27.43142742902839,16.1531387445022,46.1703318672531,1.9640143942423032,11.214314274290285,3.3454618152738904,100.0,100.0
ref,Traj_27655,27655,1,bottom,rdf_min,0.33,4,coordination_state_filter,Li_TFSI_O_contacts_ge_2,2501,1.54301787746038e-05,5.676178282552116e-05,5.71e-06,2.702308016568091,9.94076757014381,0.2718409818457306,0.4317348495978678,5.83590514212267e-09,3.833941554596529e-09,89.7276638559647,100,100,53.14434226309477,53.94642143142743,25.01999200319872,13.947620951619353,0.2501999200319872,0.1394762095161935,11,25.01999200319872,13.947620951619353,49.79128348660536,1.913234706117553,11.845261895241904,3.097161135545781,100.0,100.0
ref,Traj_27659,27659,1,bottom,rdf_min,0.33,4,coordination_state_filter,Li_TFSI_O_contacts_ge_2,2501,1.7945534955474e-05,6.766442532514318e-05,6.01e-06,2.985945916052246,11.258639821155272,0.2652137348280365,0.4750819371556549,6.502691307821427e-09,5.350498595174292e-09,92.26513979606791,100,100,54.96001599360256,52.33466613354658,24.722910835665733,14.37624950019992,0.2472291083566573,0.1437624950019992,11,24.722910835665733,14.37624950019992,51.55657736905238,1.494202319072371,9.939624150339863,3.145541783286685,100.0,100.0
ref,Traj_13352,13352,1,middle_stratified,rdf_min,0.328,4,coordination_state_filter,Li_TFSI_O_contacts_ge_2,2501,8.232303505885093e-05,0.0002836625774436,4.2e-05,1.9600722633059744,6.753870891514286,0.290214647983374,0.2922720830791813,2.740302800061308e-08,2.5491051998282482e-08,98.2127388689896,100,100,49.06957217113155,56.568172730907634,26.67692922830868,13.364654138344662,0.2667692922830867,0.1336465413834466,14,26.67692922830868,13.364654138344662,45.65613754498201,1.708516593362655,12.600959616153538,3.117153138744502,100.0,100.0
ref,Traj_13414,13414,1,middle_stratified,rdf_min,0.328,4,coordination_state_filter,Li_TFSI_O_contacts_ge_2,2501,0.0002592761199117,0.0009254865862394,3.15e-05,8.23098793370705,29.38052654728254,0.2801511375386957,0.9154519650309296,9.226527209034025e-08,8.785573886122839e-08,102.50783157279632,100,100,49.06677329068373,54.950419832067176,24.89724110355857,13.878048780487806,0.2489724110355858,0.138780487804878,12,24.89724110355857,13.878048780487806,44.75209916033587,2.469012395041984,11.463814474210317,3.8864454218312674,100.0,100.0
ref,Traj_13421,13421,1,middle_stratified,rdf_min,0.332,4,coordination_state_filter,Li_TFSI_O_contacts_ge_2,2501,1.889874931500492e-05,6.222003306499047e-05,9.07e-05,0.2083654830761292,0.6859981594817031,0.3037405861752705,0.6811742227579847,6.2156681407336764e-09,5.084354217408202e-09,95.6559225531385,100,100,47.8656537385046,59.9640143942423,28.463414634146343,14.688924430227909,0.2846341463414634,0.1468892443022791,13,28.463414634146343,14.688924430227909,44.77688924430228,1.515393842463015,13.431827269092365,2.846861255497801,100.0,100.0
ref,Traj_13430,13430,1,middle_stratified,rdf_min,0.326,4,coordination_state_filter,Li_TFSI_O_contacts_ge_2,2501,2.772271873275576e-05,9.738913876588368e-05,5.33e-05,0.5201260550235602,1.827188344575679,0.2846592452100756,0.2838913902752841,1.1584460794975564e-08,6.380099162144663e-09,97.15582808237367,100,100,50.678128748500605,56.067173130747705,26.0843662534986,14.313874450219911,0.260843662534986,0.1431387445021991,13,26.0843662534986,14.313874450219911,47.37185125949621,1.9328268692522992,11.898040783686524,2.9956017592962816,100.0,100.0
ref,Traj_13465,13465,1,middle_stratified,rdf_min,0.33,4,coordination_state_filter,Li_TFSI_O_contacts_ge_2,2501,5.972959348626199e-05,0.0002085143511183,5.02e-05,1.189832539566972,4.153672333033865,0.2864531537801663,0.0754858418465861,2.024863627767508e-08,2.0924597234479463e-08,104.002031808683,100,100,49.92762894842063,55.66013594562176,26.34426229508197,13.148340663734508,0.2634426229508196,0.131483406637345,11,26.34426229508197,13.148340663734508,46.43142742902839,1.6137544982007197,12.382646941223513,3.213514594162335,100.0,100.0
ref,Traj_13578,13578,1,middle_stratified,rdf_min,0.324,4,coordination_state_filter,Li_TFSI_O_contacts_ge_2,2501,0.0001111311223788,0.0003872204703901,6.57e-05,1.69149349130654,5.893766672604262,0.2869970233414626,0.2282703310065932,4.104764348195804e-08,3.138558554665276e-08,98.52406848094054,100,100,49.141943222710914,56.52578968412636,26.04358256697321,14.535385845661736,0.2604358256697321,0.1453538584566173,14,26.04358256697321,14.535385845661736,45.13874450219912,2.150339864054378,11.77329068372651,3.636145541783287,100.0,100.0
ref,Traj_13773,13773,1,middle_stratified,rdf_min,0.33,4,coordination_state_filter,Li_TFSI_O_contacts_ge_2,2501,1.805120814620426e-05,7.163812650026796e-05,3.92e-05,0.4604900037297005,1.8275032270476523,0.2519776692671707,0.3367797929853752,8.291714625869874e-09,4.6936890797799586e-09,95.47156372234116,100,100,53.64334266293483,49.88764494202321,22.50659736105558,12.053178728508597,0.2250659736105558,0.1205317872850859,14,22.50659736105558,12.053178728508597,49.82167133146741,2.299880047980808,11.351059576169533,3.420231907237105,100.0,100.0
ref,Traj_13835,13835,1,middle_stratified,rdf_min,0.328,4,coordination_state_filter,Li_TFSI_O_contacts_ge_2,2501,2.355233285716415e-05,8.579804800868323e-05,5.84e-05,0.4032933708418519,1.469144657682932,0.2745089591639722,0.3943789166744175,1.2174014098130022e-08,5.574727903140717e-09,108.95645598564587,100,100,51.57017193122751,54.25869652139144,25.095561775289884,13.788084766093563,0.2509556177528988,0.1378808476609356,12,25.095561775289884,13.788084766093563,47.906037584966015,1.98640543782487,11.643342662934826,3.3786485405837663,100.0,100.0
ref,Traj_13857,13857,1,middle_stratified,rdf_min,0.334,4,coordination_state_filter,Li_TFSI_O_contacts_ge_2,2501,0.0003235343868288,0.0010273850554579,4.33e-05,7.471925792814048,23.72713753944342,0.3149105441140087,0.8734325500620517,1.2206475104495926e-07,7.945970470113415e-08,103.31355653246705,100,100,46.33466613354658,62.03158736505399,28.9672131147541,17.374650139944023,0.289672131147541,0.1737465013994402,16,28.9672131147541,17.374650139944023,42.369052379048384,2.0035985605757696,11.403838464614154,3.5669732107157137,100.0,100.0
ref,Traj_13950,13950,1,middle_stratified,rdf_min,0.332,4,coordination_state_filter,Li_TFSI_O_contacts_ge_2,2501,4.803556693408803e-05,0.0001472657995125,6.41e-05,0.7493848195645558,2.2974383699297976,0.3261827735502888,0.1252951087417157,1.4590671935258932e-08,9.645521346614416e-09,86.68127827534754,100,100,47.53858456617353,64.07556977209117,30.598960415833663,18.19312275089964,0.3059896041583366,0.1819312275089964,14,30.598960415833663,18.19312275089964,44.65293882447021,1.5417832866853258,11.845261895241904,2.682526989204318,100.0,100.0
ref,Traj_13978,13978,1,middle_stratified,rdf_min,0.336,4,coordination_state_filter,Li_TFSI_O_contacts_ge_2,2501,5.291909756192505e-05,0.0001771614992823,5.36e-05,0.9872965963045718,3.3052518522817165,0.2987054059505362,0.0055523602093921,1.651637060301364e-08,1.5568370345043122e-08,95.38761487437098,100,100,51.64814074370252,59.101559376249504,28.01199520191924,16.714114354258296,0.2801199520191923,0.1671411435425829,11,28.01199520191924,16.714114354258296,48.95481807277089,1.5381847261095565,11.38624550179928,2.4934026389444224,100.0,100.0
ref,Traj_14006,14006,1,middle_stratified,rdf_min,0.336,4,coordination_state_filter,Li_TFSI_O_contacts_ge_2,2501,8.319454012410896e-05,0.0002111386523624,0.000135,0.6162558527711774,1.5639900174992594,0.3940279962633901,0.210238943066996,2.0592820092702115e-08,1.2967258560346405e-08,83.71784184000316,100,100,45.74090363854459,78.04918032786884,38.327069172331065,27.043982407037184,0.3832706917233106,0.2704398240703718,9,38.327069172331065,27.043982407037184,44.16793282686925,0.8152738904438225,10.90563774490204,1.5025989604158336,100.0,100.0
ref,Traj_14056,14056,1,middle_stratified,rdf_min,0.342,4,coordination_state_filter,Li_TFSI_O_contacts_ge_2,2501,0.0003485992147272,0.0008612450620666,0.000225,1.5493298432320703,3.827755831407111,0.4047619313958501,0.1901438863492984,6.887896876719177e-08,7.707581448236031e-08,89.25948706544531,100,100,48.726909236305474,79.77888844462215,39.479808076769295,30.40503798480608,0.3947980807676929,0.3040503798480607,9,39.479808076769295,30.40503798480608,47.86765293882447,0.5873650539784087,8.564974010395842,0.8408636545381847,100.0,100.0
ref,Traj_14072,14072,1,middle_stratified,rdf_min,0.332,4,coordination_state_filter,Li_TFSI_O_contacts_ge_2,2501,2.255529290047597e-05,2.624116752552869e-05,9.76e-05,0.2310993125048767,0.2688644213681218,0.8595384667444037,0.6362013464974483,1.3921148854805762e-09,2.5033641053815514e-09,78.18807340742752,100,100,12.035985605757697,171.90243902439025,85.85125949620152,84.5749700119952,0.8585125949620153,0.8457497001199521,6,85.85125949620152,84.5749700119952,11.60015993602559,0.0987604958016793,1.2774890043982408,0.4342263094762095,100.0,100.0
ref,Traj_14094,14094,1,middle_stratified,rdf_min,0.324,4,coordination_state_filter,Li_TFSI_O_contacts_ge_2,2501,1.632732541301719e-05,5.378695287436774e-05,4.05e-05,0.4031438373584491,1.3280729104782156,0.3035555007392509,0.3945399746384735,5.5214890657670235e-09,4.641437332228937e-09,99.51868718178598,100,100,42.53178728508597,59.84406237504998,26.835265893642543,11.775289884046382,0.2683526589364254,0.1177528988404638,12,26.835265893642543,11.775289884046382,39.016793282686926,2.818072770891644,16.24470211915234,3.1263494602159136,100.0,100.0
ref,Traj_14164,14164,1,middle_stratified,rdf_min,0.338,4,coordination_state_filter,Li_TFSI_O_contacts_ge_2,2501,0.0001625645350921,0.000520112826229,0.000121,1.343508554480694,4.298453109330579,0.3125562895089777,0.128240436047887,4.7382296955416175e-08,5.3646511588398336e-08,102.30820543523797,100,100,55.56897241103559,61.91323470611757,30.068372650939622,20.93322670931628,0.3006837265093962,0.2093322670931627,10,30.068372650939622,20.93322670931628,53.77648940423831,0.9604158336665334,9.200719712115154,1.7393042782886845,100.0,100.0
ref,Traj_14175,14175,1,middle_stratified,rdf_min,0.328,4,coordination_state_filter,Li_TFSI_O_contacts_ge_2,2501,5.915672913953163e-05,0.0001855739834181,6.23e-05,0.9495462141176828,2.978715624688604,0.318777061578998,0.0224838934357847,1.5332183737902506e-08,1.8413537405095912e-08,95.77770418047275,100,100,45.575369852059175,62.14514194322272,29.70251899240304,14.948020791683328,0.2970251899240304,0.1494802079168332,13,29.70251899240304,14.948020791683328,42.45301879248301,1.499800079968013,13.754098360655735,2.855657736905238,100.0,100.0
ref,Traj_14224,14224,1,middle_stratified,rdf_min,0.326,4,coordination_state_filter,Li_TFSI_O_contacts_ge_2,2501,2.257316103661744e-05,7.943389752463537e-05,1.96e-05,1.1516918896233388,4.052749873705887,0.2841754180526855,0.0613363084848642,7.309802950886246e-09,8.471162606233278e-09,104.63825754317408,100,100,47.39024390243902,55.48700519792083,25.766493402638943,12.05077968812475,0.2576649340263894,0.1205077968812475,12,25.766493402638943,12.05077968812475,43.4594162335066,1.9888044782087164,13.254298280687724,3.484206317473011,100.0,100.0
ref,Traj_14268,14268,1,middle_stratified,rdf_min,0.33,4,coordination_state_filter,Li_TFSI_O_contacts_ge_2,2501,2.5482469879808417e-05,7.82069754818896e-05,3.55e-05,0.7178160529523497,2.203013393856045,0.3258337216442975,0.1439868335053327,6.791418425571037e-09,6.060095095128498e-09,86.5508996002578,100,100,46.0,63.83766493402639,30.97441023590564,15.209116353458615,0.3097441023590563,0.1520911635345861,15,30.97441023590564,15.209116353458615,43.58016793282687,1.107157137145142,14.768492602958815,2.2618952419032388,100.0,100.0
ref,Traj_14307,14307,1,middle_stratified,rdf_min,0.326,4,coordination_state_filter,Li_TFSI_O_contacts_ge_2,2501,0.0005115138755768,0.0016804371889265,8.09e-05,6.322792034324378,20.771782310587145,0.304393332251596,0.800908897481306,1.533198585467663e-07,1.4890960107774466e-07,94.72776918917586,100,100,47.37784886045581,59.66613354658136,27.42383046781288,16.083566573370653,0.2742383046781287,0.1608356657337065,13,27.42383046781288,16.083566573370653,43.551779288284685,2.370251899240304,11.61295481807277,3.4578168732506995,100.0,100.0
ref,Traj_14318,14318,1,middle_stratified,rdf_min,0.332,4,coordination_state_filter,Li_TFSI_O_contacts_ge_2,2501,0.0003608120353198,0.0012286631386788,9.33e-05,3.86722438713648,13.168951111241158,0.2936622935622698,0.5873993717803232,1.235404207716045e-07,9.592049149850849e-08,94.07779946459712,100,100,51.14754098360656,57.83046781287485,27.20991603358657,16.123550579768093,0.2720991603358657,0.1612355057976809,12,27.20991603358657,16.123550579768093,47.83046781287485,1.7093162734906038,11.07437025189924,3.052379048380648,100.0,100.0
ref,Traj_14373,14373,1,middle_stratified,rdf_min,0.334,4,coordination_state_filter,Li_TFSI_O_contacts_ge_2,2501,1.6598194667927187e-05,6.259717292124428e-05,7.17e-05,0.2314950441830849,0.8730428580368799,0.2651588545190365,0.6354583018683921,6.8087205061994575e-09,3.8977376198426065e-09,90.08529448668178,100,100,51.09876049580168,52.11915233906438,24.19632147141144,11.436625349860057,0.2419632147141143,0.1143662534986005,11,24.19632147141144,11.436625349860057,47.48500599760096,1.8920431827269093,12.431827269092365,3.207117153138745,100.0,100.0
ref,Traj_14419,14419,1,middle_stratified,rdf_min,0.328,4,coordination_state_filter,Li_TFSI_O_contacts_ge_2,2501,0.0001256997771135,0.0004358937791249,0.000116,1.0836187682205587,3.757704992456034,0.288372496083655,0.0348765183840509,4.533739315590968e-08,3.643919873818936e-08,98.81232893301517,100,100,50.636145541783286,56.66373450619752,26.63294682127149,14.367053178728508,0.2663294682127149,0.1436705317872851,11,26.63294682127149,14.367053178728508,47.4202319072371,1.751299480207917,12.165133946421433,2.9480207916833265,100.0,100.0
ref,Traj_14424,14424,1,middle_stratified,rdf_min,0.33,4,coordination_state_filter,Li_TFSI_O_contacts_ge_2,2501,9.328368699140968e-05,0.0002909888285538,8.04e-05,1.1602448630772348,3.619264036738806,0.3205748050707821,0.0645496542794756,2.4036748236041184e-08,2.6495488774728812e-08,91.46501452402686,100,100,48.0295881647341,62.17153138744502,30.09796081567373,16.121151539384247,0.3009796081567373,0.1612115153938424,12,30.09796081567373,16.121151539384247,45.36225509796081,1.213514594162335,12.740503798480608,2.471011595361855,100.0,100.0
ref,Traj_14520,14520,1,middle_stratified,rdf_min,0.332,4,coordination_state_filter,Li_TFSI_O_contacts_ge_2,2501,2.5473065326525248e-05,7.6406377618377e-05,8.05e-05,0.316435594118326,0.9491475480543726,0.3333892551974425,0.4997146710032708,6.968523484874749e-09,5.540751789217136e-09,86.23138040632632,100,100,46.075969612155134,65.8468612554978,31.71611355457817,17.02638944422231,0.3171611355457817,0.1702638944422231,10,31.71611355457817,17.02638944422231,43.62455017992803,1.2874850059976009,14.534586165533788,2.309876049580168,100.0,100.0
ref,Traj_14594,14594,1,middle_stratified,rdf_min,0.328,4,coordination_state_filter,Li_TFSI_O_contacts_ge_2,2501,0.0002072382582867,0.0006513667521059,9.84e-05,2.106079860637589,6.619580814084349,0.3181590979532306,0.3234748352144455,4.9583439623134544e-08,4.9456983492378726e-08,80.08472700371232,100,100,47.45261895241903,62.27508996401439,29.513394642143144,16.686125549780087,0.2951339464214314,0.1668612554978008,13,29.513394642143144,16.686125549780087,44.48740503798481,1.7041183526589363,12.415833666533386,2.713314674130348,100.0,100.0
ref,Traj_14672,14672,1,middle_stratified,rdf_min,0.338,4,coordination_state_filter,Li_TFSI_O_contacts_ge_2,2501,0.0002098744898113,0.0003100385242128,0.000105,1.9988046648699689,2.9527478496457142,0.6769303600067968,0.3007703543411527,1.3742142485636557e-08,3.996603224346645e-08,91.240473741859,100,100,28.16113554578169,134.7469012395042,67.33346661335466,63.20671731307477,0.6733346661335466,0.6320671731307477,6,67.33346661335466,63.20671731307477,28.02079168332667,0.119952019192323,3.888844462215114,0.1403438624550179,100.0,100.0
ref,Traj_14750,14750,1,middle_stratified,rdf_min,0.34,4,coordination_state_filter,Li_TFSI_O_contacts_ge_2,2501,5.972133282864646e-05,0.0001283432376017,5.43e-05,1.0998403835846493,2.36359553594291,0.4653251230422085,0.0413296619234059,9.190759611910429e-09,9.67356914365882e-09,77.41607792154737,100,100,43.82606957217113,92.12315073970412,44.40383846461416,39.543382646941225,0.4440383846461415,0.3954338264694123,10,44.40383846461416,39.543382646941225,42.4594162335066,1.7273090763694523,5.834466213514594,1.3318672530987603,100.0,100.0
ref,Traj_14954,14954,1,middle_stratified,rdf_min,0.332,4,coordination_state_filter,Li_TFSI_O_contacts_ge_2,2501,5.027035813558334e-05,0.0001436393358232,4.23e-05,1.1884245422123725,3.395728979271868,0.3499762641443786,0.0749716118604644,1.3257867372761842e-08,1.5580019109392625e-08,105.74329499187198,100,100,47.53338664534186,68.29428228708515,33.43502598960416,20.05877648940424,0.3343502598960415,0.2005877648940423,11,33.43502598960416,20.05877648940424,45.56337465013994,0.9500199920031988,12.331467413034789,1.8844462215113955,100.0,100.0
ref,Traj_24008,24008,1,middle_stratified,rdf_min,0.32,4,coordination_state_filter,Li_TFSI_O_contacts_ge_2,2501,3.3402075389079294e-05,3.7179338803824864e-05,6.5e-05,0.5138780829089122,0.5719898277511518,0.8984042337418604,0.2891399047407836,2.5488056539095276e-09,3.122397748592548e-09,80.340838726678,100,100,9.065573770491802,179.67972810875648,89.27588964414234,89.54418232706917,0.8927588964414234,0.8954418232706917,5,89.27588964414234,89.54418232706917,8.838864454218312,0.563374650139944,0.2878848460615754,0.2267093162734906,100.0,100.0
ref,Traj_24028,24028,1,middle_stratified,rdf_min,0.328,4,coordination_state_filter,Li_TFSI_O_contacts_ge_2,2501,0.0002902288185833,0.0009325853572278,0.000184,1.577330535778999,5.06839868058587,0.3112088521806401,0.1979227109719735,7.931463080817752e-08,6.472228665694235e-08,81.34821460377617,100,100,49.048380647740906,61.0579768092763,29.08476609356257,16.597760895641745,0.2908476609356257,0.1659776089564174,12,29.08476609356257,16.597760895641745,46.10115953618553,1.5433826469412235,12.083966413434624,2.7237105157936825,100.0,100.0
ref,Traj_24323,24323,1,middle_stratified,rdf_min,0.328,4,coordination_state_filter,Li_TFSI_O_contacts_ge_2,2501,4.79328617709738e-05,0.000170545584709,5.09e-05,0.9417065180937878,3.350600878369352,0.2810560112286759,0.0260844235673739,1.4428320253252844e-08,1.5910721478482162e-08,93.6966747795334,100,100,51.63374650139944,55.27708916433427,25.912435025989605,13.85685725709716,0.259124350259896,0.1385685725709716,12,25.912435025989605,13.85685725709716,48.4358256697321,1.7596961215513796,12.050379848060777,2.9868052778888443,100.0,100.0
ref,Traj_24372,24372,1,middle_stratified,rdf_min,0.336,4,coordination_state_filter,Li_TFSI_O_contacts_ge_2,2501,1.3867480075290291e-05,4.336997985857594e-05,3.96e-05,0.3501888907901589,1.0952015115802003,0.319748363280555,0.4556976353658197,4.232062697396957e-09,2.853065585257321e-09,86.0441397358982,100,100,49.45181927229108,63.06677329068373,30.33626549380248,18.34626149540184,0.3033626549380248,0.1834626149540184,11,30.33626549380248,18.34626149540184,46.80567772890844,1.2838864454218313,11.337065173930428,2.461815273890444,100.0,100.0
ref,Traj_24419,24419,1,middle_stratified,rdf_min,0.326,4,coordination_state_filter,Li_TFSI_O_contacts_ge_2,2501,0.0001072369732221,0.0003657264313479,7.05e-05,1.5210918187541271,5.187608955289361,0.2932163607288093,0.1821554304729098,3.5440006106820814e-08,2.6213444892290897e-08,88.78995624846284,100,100,49.040783686525394,57.171931227509,26.67293082766893,14.596961215513794,0.2667293082766893,0.1459696121551379,13,26.67293082766893,14.596961215513794,45.49340263894442,2.007596961215514,11.605357856857257,3.203918432626949,100.0,100.0
ref,Traj_24426,24426,1,middle_stratified,rdf_min,0.328,4,coordination_state_filter,Li_TFSI_O_contacts_ge_2,2501,1.765658359181641e-05,6.785596257970264e-05,7.91e-05,0.2232185030570974,0.857850348668807,0.2602068104343408,0.6512698086478312,7.842748247982044e-09,4.925025464331476e-09,99.10372092504882,100,100,51.912035185925625,51.19872051179528,23.438624550179927,12.072371051579369,0.2343862455017992,0.1207237105157936,13,23.438624550179927,12.072371051579369,47.86725309876049,2.082766893242703,11.52578968412635,3.636145541783287,100.0,100.0
ref,Traj_24453,24453,1,middle_stratified,rdf_min,0.326,4,coordination_state_filter,Li_TFSI_O_contacts_ge_2,2501,3.656095007105749e-05,0.0001230518701342,2.69e-05,1.3591431253181223,4.574418964096654,0.297118199269822,0.1332651927611528,1.3247915888714687e-08,8.705522816902947e-09,93.9673841345216,100,100,45.53938424630148,58.32147141143543,27.215913634546183,12.4578168732507,0.2721591363454618,0.1245781687325069,14,27.215913634546183,12.4578168732507,42.13634546181528,1.943622550979608,14.187524990004,3.046781287485006,100.0,100.0
ref,Traj_24521,24521,1,middle_stratified,rdf_min,0.332,4,coordination_state_filter,Li_TFSI_O_contacts_ge_2,2501,8.268096716056004e-05,0.0002576363246169,0.000126,0.6561981520679369,2.0447327350547617,0.3209212337720815,0.1829649969731774,2.3154412270330124e-08,1.8688521718014585e-08,85.54169148960838,100,100,49.369052379048384,63.48020791683327,30.33506597361056,18.385445821671333,0.3033506597361055,0.1838544582167133,12,30.33506597361056,18.385445821671333,46.72211115553778,1.45421831267493,11.989604158336665,2.5045981607357057,100.0,100.0
ref,Traj_24726,24726,1,middle_stratified,rdf_min,0.326,4,coordination_state_filter,Li_TFSI_O_contacts_ge_2,2501,2.134105275384203e-05,6.820862759306654e-05,4.54e-05,0.4700672412740535,1.5023926782613777,0.3128790815314889,0.3278400134993347,5.897708192127543e-09,4.092515671003307e-09,77.14338796755355,100,100,46.85605757696921,61.21551379448222,28.855257896841263,15.656137544982007,0.2885525789684126,0.15656137544982,13,28.855257896841263,15.656137544982007,43.686925229908034,1.8388644542183128,12.71971211515394,2.8896441423430628,100.0,100.0
ref,Traj_24864,24864,1,middle_stratified,rdf_min,0.338,4,coordination_state_filter,Li_TFSI_O_contacts_ge_2,2501,8.738162527269297e-05,0.0002714280969839,7.44e-05,1.1744842106544753,3.648227109998656,0.3219328663600956,0.0698471826532354,2.6571642746385746e-08,1.6522526887357843e-08,83.62314836251034,100,100,48.75089964014394,63.11395441823271,30.20391843262695,17.686125549780087,0.3020391843262694,0.1768612554978008,13,30.20391843262695,17.686125549780087,46.20751699320272,1.5093962415033986,11.97281087564974,2.385845661735306,100.0,100.0
ref,Traj_25060,25060,1,middle_stratified,rdf_min,0.328,4,coordination_state_filter,Li_TFSI_O_contacts_ge_2,2501,4.335185056522403e-05,0.0001501999370746,6.95e-05,0.6237676340320005,2.161150173735252,0.2886276213530796,0.2049771636057659,1.5018331833306036e-08,1.0572233199613384e-08,89.73728457796965,100,100,49.816473410635744,56.98720511795282,26.584566173530582,14.197920831667332,0.2658456617353059,0.1419792083166733,13,26.584566173530582,14.197920831667332,46.44902039184326,1.914434226309476,12.556977209116354,3.0839664134346263,100.0,100.0
ref,Traj_25176,25176,1,middle_stratified,rdf_min,0.33,4,coordination_state_filter,Li_TFSI_O_contacts_ge_2,2501,1.8016153294065347e-05,6.824637758215202e-05,4.01e-05,0.4492806307746969,1.701904677859153,0.2639869533350438,0.347482304151225,7.962297308673593e-09,4.763820028410582e-09,98.21529331596932,100,100,51.37225109956018,52.13234706117553,24.211515393842465,11.744502199120353,0.2421151539384246,0.1174450219912035,11,24.211515393842465,11.744502199120353,47.68852459016394,1.8084766093562568,12.351459416233508,3.305877648940424,100.0,100.0
ref,Traj_25249,25249,1,middle_stratified,rdf_min,0.328,4,coordination_state_filter,Li_TFSI_O_contacts_ge_2,2501,5.262024363008154e-05,0.00018199333598,4.88e-05,1.0782836809442935,3.729371638934426,0.2891328044883148,0.0327330325214906,1.823833058891877e-08,1.8010746487223737e-08,104.90695155974704,100,100,49.42343062774891,56.3142742902839,26.454618152738902,13.29828068772491,0.264546181527389,0.1329828068772491,12,26.454618152738902,13.29828068772491,45.93362654938025,1.8272690923630548,12.704918032786884,3.213514594162335,100.0,100.0
ref,Traj_26491,26491,1,middle_stratified,rdf_min,0.33,4,coordination_state_filter,Li_TFSI_O_contacts_ge_2,2501,2.79807147377846e-05,0.0001021471751995,2.87e-05,0.9749377957416236,3.5591350243728224,0.2739254872504938,0.0110230928429683,1.1628462953112492e-08,5.936579736847728e-09,90.57026698768912,100,100,50.68572570971611,54.26549380247901,25.03558576569372,13.243502598960417,0.2503558576569372,0.1324350259896041,13,25.03558576569372,13.243502598960417,46.87764894042383,2.0167932826869253,12.114754098360656,3.46781287485006,100.0,100.0
ref,Traj_26556,26556,1,middle_stratified,rdf_min,0.328,4,coordination_state_filter,Li_TFSI_O_contacts_ge_2,2501,1.619709476221125e-05,5.108757715538588e-05,1.74e-05,0.930867515069612,2.936067652608384,0.3170456628418065,0.0311121252146774,5.909306226346697e-09,4.226915073090582e-09,104.50175318990264,100,100,42.78688524590164,61.9000399840064,29.534586165533785,12.631347461015594,0.2953458616553378,0.1263134746101559,15,29.534586165533785,12.631347461015594,39.34106357457017,1.5533786485405838,15.83046781287485,3.0851659336265493,100.0,100.0
ref,Traj_26584,26584,1,middle_stratified,rdf_min,0.328,4,coordination_state_filter,Li_TFSI_O_contacts_ge_2,2501,6.707747023456595e-05,0.0002272704091784,6.57e-05,1.0209660614089189,3.4592147515738203,0.2951438793860413,0.0090113056639842,2.1734124118678105e-08,1.901373667546788e-08,94.43320277507136,100,100,48.77648940423831,57.62375049980009,27.251499400239904,13.666133546581367,0.272514994002399,0.1366613354658136,14,27.251499400239904,13.666133546581367,45.659736105557776,1.6485405837664937,12.925229908036783,2.8480607756897243,100.0,100.0
ref,Traj_26662,26662,1,middle_stratified,rdf_min,0.328,4,coordination_state_filter,Li_TFSI_O_contacts_ge_2,2501,9.27166071301982e-05,0.0003243419960975,3.67e-05,2.5263380689427306,8.83765656941417,0.2858606293534889,0.402491466430013,2.8226256089520807e-08,1.9640863969708494e-08,77.73147576423439,100,100,49.09716113554578,56.49820071971212,25.958016793282688,14.00359856057577,0.2595801679328269,0.1400359856057577,12,25.958016793282688,14.00359856057577,45.50379848060776,2.173530587764894,12.351459416233508,3.2722910835665733,100.0,100.0
ref,Traj_26742,26742,1,middle_stratified,rdf_min,0.326,4,coordination_state_filter,Li_TFSI_O_contacts_ge_2,2501,3.337295921233183e-05,0.0001169578701967,3.18e-05,1.0494641261739568,3.677920446437107,0.2853417145524718,0.0209675976864283,1.5199243321507466e-08,9.317956407247866e-09,110.40893310539036,100,100,49.470211915233904,55.6233506597361,26.124750099960018,13.225109956017594,0.2612475009996002,0.1322510995601759,12,26.124750099960018,13.225109956017594,46.15793682526989,1.7928828468612554,12.065573770491802,2.98000799680128,100.0,100.0
ref,Traj_26863,26863,1,middle_stratified,rdf_min,0.33,4,coordination_state_filter,Li_TFSI_O_contacts_ge_2,2501,2.0427468325045115e-05,6.316593038588626e-05,4.59e-05,0.4450428828985864,1.37616406069469,0.3233937693983434,0.3515981397855172,5.9863947425951725e-09,5.315664492472342e-09,94.24047820632288,100,100,45.69092363054778,63.514594162335065,30.083966413434627,16.20671731307477,0.3008396641343462,0.1620671731307477,13,30.083966413434627,16.20671731307477,42.8468612554978,1.7185125949620152,13.395441823270692,2.6053578568572573,100.0,100.0
ref,Traj_26927,26927,1,middle_stratified,rdf_min,0.336,4,coordination_state_filter,Li_TFSI_O_contacts_ge_2,2501,0.0001087631695361,0.0003426593196581,1.99e-05,5.465485906340164,17.21906128935176,0.3174090511960725,0.7376287787397703,3.931898402698055e-08,1.453875569275582e-08,82.7843749942278,100,100,48.4938024790084,62.70851659336265,29.80607756897241,17.71331467413035,0.2980607756897241,0.1771331467413034,11,29.80607756897241,17.71331467413035,45.59296281487405,1.6185525789684123,11.858056777289084,2.689724110355858,100.0,100.0
ref,Traj_27141,27141,1,middle_stratified,rdf_min,0.334,4,coordination_state_filter,Li_TFSI_O_contacts_ge_2,2501,1.9468085067803147e-05,6.26074453016347e-05,3.52e-05,0.5530705985171348,1.7786206051600766,0.3109547909838581,0.25721942820804,6.1649323995234506e-09,5.187036536703574e-09,95.50102013100457,100,100,49.06637345061975,61.24670131947221,29.1359456217513,17.227109156337466,0.291359456217513,0.1722710915633746,12,29.1359456217513,17.227109156337466,45.78528588564574,1.536985205917633,11.540983606557376,3.039984006397441,100.0,100.0
ref,Traj_27154,27154,1,middle_stratified,rdf_min,0.334,4,coordination_state_filter,Li_TFSI_O_contacts_ge_2,2501,1.3910731535437057e-05,3.5242963612550714e-05,6.03e-05,0.2306920652642961,0.5844604247520848,0.394709471325027,0.6369673429353186,2.902808421247609e-09,2.748153827216434e-09,84.45255320838154,100,100,45.65653738504599,77.1643342662935,37.48700519792083,27.128348660535785,0.3748700519792083,0.2712834866053578,11,37.48700519792083,27.128348660535785,43.93762495002,1.3134746101559376,9.682926829268292,1.6241503398640544,100.0,100.0
ref,Traj_27217,27217,1,middle_stratified,rdf_min,0.334,4,coordination_state_filter,Li_TFSI_O_contacts_ge_2,2501,1.5876610362841312e-05,5.161186041254265e-05,8.67e-05,0.1831212267917106,0.5952925076417837,0.3076155410003976,0.7372613108365406,4.847372415006013e-09,3.788821297069237e-09,88.13241290694187,100,100,50.23830467812875,60.53818472610956,28.558576569372253,17.061975209916035,0.2855857656937225,0.1706197520991603,12,28.558576569372253,17.061975209916035,47.580567772890845,1.7996801279488204,11.462614954018392,2.4886045581767293,100.0,100.0
ref,Traj_27225,27225,1,middle_stratified,rdf_min,0.328,4,coordination_state_filter,Li_TFSI_O_contacts_ge_2,2501,2.1104608648285885e-05,7.004079254748444e-05,2.82e-05,0.7483903775987902,2.483716047783136,0.301318815517085,0.1258718050611422,5.931283538364285e-09,4.817241784592138e-09,80.82777645534006,100,100,50.11515393842463,59.09716113554579,28.02079168332667,15.806477409036386,0.2802079168332667,0.1580647740903638,13,28.02079168332667,15.806477409036386,47.23350659736106,1.5845661735305878,11.847261095561777,2.6781287485006,100.0,100.0
ref,Traj_27274,27274,1,middle_stratified,rdf_min,0.332,4,coordination_state_filter,Li_TFSI_O_contacts_ge_2,2501,1.826206397798903e-05,4.831929270018537e-05,6.39e-05,0.2857912985600787,0.7561704647916333,0.3779455980720299,0.5439509982352897,4.6040717919183494e-09,3.248582605717584e-09,85.59703376991098,100,100,45.23270691723311,72.79128348660537,35.97041183526589,22.68532586965214,0.3597041183526589,0.2268532586965214,10,35.97041183526589,22.68532586965214,43.36345461815274,0.899640143942423,10.958416633346662,1.75249900039984,100.0,100.0
ref,Traj_27337,27337,1,middle_stratified,rdf_min,0.332,4,coordination_state_filter,Li_TFSI_O_contacts_ge_2,2501,2.0125737124414822e-05,6.317167023995887e-05,4.15e-05,0.4849575210702367,1.522208921444792,0.3185880165581629,0.3142963009291681,5.218192274681568e-09,4.662893366145059e-09,82.38442277018036,100,100,50.93642542982807,62.85205917632946,30.00719712115154,19.046781287485008,0.3000719712115154,0.19046781287485,13,30.00719712115154,19.046781287485008,48.73610555777689,1.4666133546581368,10.996001599360255,2.008796481407437,100.0,100.0
ref,Traj_27340,27340,1,middle_stratified,rdf_min,0.33,4,coordination_state_filter,Li_TFSI_O_contacts_ge_2,2501,2.6963177192333e-05,0.0001069784242261,6e-05,0.4493862865388832,1.7829737371016663,0.2520431328783273,0.3473801846346505,1.2740679960120561e-08,6.960301601374794e-09,96.99614351448936,100,100,53.46341463414634,49.65493802479009,22.64654138344662,11.847261095561777,0.2264654138344662,0.1184726109556177,13,22.64654138344662,11.847261095561777,49.459016393442624,2.0795681727309074,11.17752898840464,3.628148740503799,100.0,100.0
ref,Traj_27434,27434,1,middle_stratified,rdf_min,0.328,4,coordination_state_filter,Li_TFSI_O_contacts_ge_2,2501,0.0006554530682839,0.0019928136388634,3.21e-05,20.41909870043551,62.08142177144549,0.3289083612744727,1.3100365684038726,1.828651766131156e-07,1.7266638365988012e-07,93.96676406784697,100,100,44.585765693722514,64.61455417832867,29.070771691323472,19.25389844062375,0.2907077169132347,0.1925389844062375,14,29.070771691323472,19.25389844062375,40.66693322670932,2.8768492602958817,11.231507397041185,3.474610155937625,100.0,100.0
ref,Traj_27443,27443,1,middle_stratified,rdf_min,0.328,4,coordination_state_filter,Li_TFSI_O_contacts_ge_2,2501,1.7989920083932102e-05,5.74644975150928e-05,2.29e-05,0.7855860298660307,2.509366703715843,0.313061470331436,0.1048062482430521,7.3298141401216805e-09,3.0521380635464486e-09,95.15732196437206,100,100,46.85925629748101,61.71571371451419,28.76889244302279,16.670131947221112,0.2876889244302278,0.1667013194722111,12,28.76889244302279,16.670131947221112,43.34146341463415,2.1263494602159136,12.13954418232707,3.252698920431828,100.0,100.0
ref,Traj_27761,27761,1,middle_stratified,rdf_min,0.334,4,coordination_state_filter,Li_TFSI_O_contacts_ge_2,2501,2.991902053741064e-05,8.386805636168567e-05,2.61e-05,1.1463226259544306,3.2133354927848914,0.3567391666784693,0.0593068645359444,9.296812173622306e-09,2.8463296675048e-09,76.2600856944746,100,100,42.46701319472211,70.327868852459,34.00879648140744,19.370251899240305,0.3400879648140744,0.193702518992403,11,34.00879648140744,19.370251899240305,39.43302678928429,1.3094762095161936,13.59096361455418,2.823670531787285,100.0,100.0
ref,Traj_27788,27788,1,middle_stratified,rdf_min,0.328,4,coordination_state_filter,Li_TFSI_O_contacts_ge_2,2501,3.748780638299983e-05,0.0001319067144924,5.82e-05,0.644120384587626,2.266438393340206,0.28419937929058,0.191032956435091,1.268587755717184e-08,8.31942750276276e-09,83.87352378148717,100,100,50.5125949620152,56.21191523390644,26.053978408636542,14.46341463414634,0.2605397840863654,0.1446341463414634,13,26.053978408636542,14.46341463414634,47.0687724910036,2.0035985605757696,12.001199520191925,3.1259496201519394,100.0,100.0
ref,Traj_27817,27817,1,middle_stratified,rdf_min,0.33,4,coordination_state_filter,Li_TFSI_O_contacts_ge_2,2501,4.065527143423235e-05,0.0001299392822273,3.2e-05,1.270477232319761,4.060602569603125,0.3128789903819459,0.1039668866500708,1.125450139313026e-08,9.721424343037518e-09,85.02437980420311,100,100,48.91283486605358,61.39944022391044,29.33986405437825,17.267892842862853,0.2933986405437825,0.1726789284286285,13,29.33986405437825,17.267892842862853,45.71691323470612,1.4550179928028788,11.398640543782488,2.9476209516193523,100.0,100.0
ref,Traj_27830,27830,1,middle_stratified,rdf_min,0.332,4,coordination_state_filter,Li_TFSI_O_contacts_ge_2,2501,0.0001022884090674,0.0003313974670121,8.46e-05,1.2090828494964811,3.917227742459811,0.3086577878510687,0.0824560608660353,2.961160708494189e-08,3.254585072427112e-08,98.78860633164794,100,100,47.05797680927628,60.08196721311475,28.528988404638145,14.77249100359856,0.2852898840463814,0.1477249100359856,13,28.528988404638145,14.77249100359856,43.75449820071971,1.6109556177528987,12.90203918432627,3.006797281087565,100.0,100.0
ref,Traj_27929,27929,1,middle_stratified,rdf_min,0.328,4,coordination_state_filter,Li_TFSI_O_contacts_ge_2,2501,3.4524172184546965e-05,0.0001083911975723,4.44e-05,0.7775714455979046,2.4412431885653154,0.3185145376912951,0.10925969618744,1.1841111816538074e-08,9.69273971145e-09,104.63825754317408,100,100,45.86685325869652,62.31467413034786,29.54938024790084,16.273490603758496,0.2954938024790083,0.1627349060375849,14,29.54938024790084,16.273490603758496,42.46301479408237,1.7029188324670133,12.46421431427429,3.055977608956417,100.0,100.0
ref,Traj_28034,28034,1,middle_stratified,rdf_min,0.334,4,coordination_state_filter,Li_TFSI_O_contacts_ge_2,2501,4.904272851282427e-05,0.00012469034794,9.37e-05,0.523401584982116,1.3307401060832444,0.3933161573694801,0.2811649665491285,8.843939171949063e-09,1.16478516335676e-08,86.55853078137787,100,100,44.64614154338265,76.47940823670531,37.87085165933627,24.331467413034787,0.3787085165933627,0.2433146741303478,10,37.87085165933627,24.331467413034787,43.23270691723311,0.6765293882447021,12.120751699320271,1.3610555777688924,100.0,100.0
ref,Traj_28311,28311,1,middle_stratified,rdf_min,0.33,4,coordination_state_filter,Li_TFSI_O_contacts_ge_2,2501,9.502075556605294e-05,0.0003043099493847,4.13e-05,2.300744686829369,7.368279646118643,0.3122499141358352,0.3618684277720065,2.9011790913064305e-08,2.66989606468479e-08,96.42411575157088,100,100,48.54618152738904,61.18712514994002,29.19592163134746,16.461015593762497,0.2919592163134746,0.1646101559376249,12,29.19592163134746,16.461015593762497,45.6233506597361,1.5081967213114753,12.063574570171932,2.656937225109956,100.0,100.0
ref,Traj_28382,28382,1,middle_stratified,rdf_min,0.328,4,coordination_state_filter,Li_TFSI_O_contacts_ge_2,2501,1.4120982609809364e-05,3.91151893036354e-05,5.27e-05,0.2679503341519803,0.7422237059513358,0.3610102075741954,0.5719456970257781,4.398691412809826e-09,1.2835149360652639e-09,76.51284733662743,100,100,47.213514594162326,71.67972810875649,34.6593362654938,24.514594162335065,0.346593362654938,0.2451459416233506,11,34.6593362654938,24.514594162335065,44.3358656537385,1.2586965213914434,9.893642542982809,2.713314674130348,100.0,100.0
ref,Traj_28550,28550,1,middle_stratified,rdf_min,0.332,4,coordination_state_filter,Li_TFSI_O_contacts_ge_2,2501,4.466811374226994e-05,0.0001376848116979,8.22e-05,0.543407709759975,1.6749977092201946,0.3244229569800198,0.2648742041911106,1.2649248459815044e-08,1.0026597981305024e-08,86.74416518216302,100,100,48.278688524590166,63.42902838864454,30.780887644942023,17.269892043182725,0.3078088764494202,0.1726989204318272,11,30.780887644942023,17.269892043182725,45.74010395841663,1.117952818872451,12.50219912035186,2.3578568572570973,100.0,100.0
ref,Traj_28610,28610,1,middle_stratified,rdf_min,0.332,4,coordination_state_filter,Li_TFSI_O_contacts_ge_2,2501,2.0494651920207746e-05,7.100370057890008e-05,6.76e-05,0.3031753242634281,1.0503506002795868,0.2886420250369044,0.5183061492548025,7.502028614972274e-09,4.5177726238553005e-09,89.16185629694365,100,100,49.99560175929628,56.896841263494615,27.07157137145142,14.219912035185926,0.2707157137145142,0.1421991203518592,13,27.07157137145142,14.219912035185926,46.69012395041983,1.381847261095562,12.099560175929629,3.0219912035185925,100.0,99.99999999999996
ref,Traj_28620,28620,1,middle_stratified,rdf_min,0.326,4,coordination_state_filter,Li_TFSI_O_contacts_ge_2,2501,0.0001291421064648,0.0004332413521972,2.51e-05,5.145103843220749,17.26061164132271,0.2980835181357728,0.7113941445178183,3.7419727438246114e-08,4.086925223179357e-08,95.17733270428722,100,100,48.64614154338265,58.22790883646542,26.87884846061576,15.658936425429829,0.2687884846061575,0.1565893642542982,14,26.87884846061576,15.658936425429829,44.94562175129948,2.2502998800479808,11.24390243902439,3.3322670931627347,100.0,100.0
ref,Traj_28736,28736,1,middle_stratified,rdf_min,0.33,4,coordination_state_filter,Li_TFSI_O_contacts_ge_2,2501,0.0001161230055423,0.0002770895140943,0.000102,1.13846083865004,2.716563863669608,0.4190811980809375,0.0563180961275292,2.029636630686649e-08,2.7796851386758648e-08,91.41691115059204,100,100,41.95961615353858,81.08156737305079,40.40823670531788,25.66413434626149,0.4040823670531787,0.2566413434626149,10,40.40823670531788,25.66413434626149,40.75449820071971,0.5281887245101959,12.950819672131148,1.167532986805278,100.0,100.0
ref,Traj_28752,28752,1,middle_stratified,rdf_min,0.33,4,coordination_state_filter,Li_TFSI_O_contacts_ge_2,2501,8.338866592708205e-05,0.0002755639688228,5.38e-05,1.5499752031056144,5.12200685544238,0.3026109192842432,0.1903247502731667,2.66832690416897e-08,1.59522145214945e-08,81.49135917546256,100,100,48.91603358656537,59.02399040383846,27.98800479808077,14.822870851659337,0.2798800479808077,0.1482287085165933,12,27.98800479808077,14.822870851659337,45.8000799680128,1.6981207516993202,12.588964414234306,2.874450219912035,100.0,100.0
ref,Traj_28930,28930,1,middle_stratified,rdf_min,0.326,4,coordination_state_filter,Li_TFSI_O_contacts_ge_2,2501,1.629386164558309e-05,5.5090507355224784e-05,6.3e-05,0.2586327245330649,0.8744524977019807,0.2957653219731653,0.5873165251440438,5.821649586009895e-09,3.896321261528248e-09,92.90982012886757,100,100,50.60295881647341,57.961215513794485,27.62175129948021,15.361055577768893,0.2762175129948021,0.1536105557776889,12,27.62175129948021,15.361055577768893,47.62095161935226,1.497001199520192,11.452219112355058,2.740503798480608,100.0,100.0
ref,Traj_28974,28974,1,middle_stratified,rdf_min,0.33,4,coordination_state_filter,Li_TFSI_O_contacts_ge_2,2501,1.902713824384593e-05,6.212698932652742e-05,6.37e-05,0.2986991875015059,0.9753059548905404,0.3062620360346608,0.5247659587286218,6.513414912016857e-09,4.369748567908249e-09,92.26513979606791,100,100,48.88244702119152,60.22391043582567,28.480607756897243,15.859656137544984,0.2848060775689724,0.1585965613754498,11,28.480607756897243,15.859656137544984,45.96081567373051,1.7205117952818871,12.325069972011196,2.681327469012395,100.0,100.0
ref,Traj_29037,29037,1,middle_stratified,rdf_min,0.326,4,coordination_state_filter,Li_TFSI_O_contacts_ge_2,2501,2.06930173844746e-05,2.263247873710837e-05,5.44e-05,0.3803863489793124,0.4160382120791979,0.9143062774890044,0.4197750770903955,1.473253087266454e-09,2.034281184148201e-09,81.62676809155988,100,100,8.367852858856457,182.8612554978009,91.31907237105158,91.3454618152739,0.9131907237105158,0.913454618152739,4,91.31907237105158,91.3454618152739,8.363054778088765,0.1115553778488604,0.0851659336265493,0.0047980807676929,100.0,100.0
ref,Traj_29099,29099,1,middle_stratified,rdf_min,0.33,4,coordination_state_filter,Li_TFSI_O_contacts_ge_2,2501,2.919672240491244e-05,9.442661552476812e-05,3.28e-05,0.8901439757595254,2.8788602294136627,0.3092001364515084,0.0505397429945798,1.007635149213981e-08,5.715393392867253e-09,88.08429748150165,100,100,47.29948020791683,60.74570171931227,28.75529788084766,15.368652538984406,0.2875529788084766,0.153686525389844,12,28.75529788084766,15.368652538984406,44.15593762495002,1.7005197920831667,12.743702518992404,2.907636945221911,100.0,100.0
ref,Traj_29121,29121,1,middle_stratified,rdf_min,0.33,4,coordination_state_filter,Li_TFSI_O_contacts_ge_2,2501,5.832759510008784e-05,0.0001913070495698,2.67e-05,2.1845541235987955,7.1650580363220975,0.3048899412293038,0.3393628090772252,1.7611789960089513e-08,1.857434910669006e-08,99.62631651471196,100,100,45.74930027988805,59.263494602159135,28.450219912035188,12.191123550579768,0.2845021991203518,0.1219112355057976,13,28.450219912035188,12.191123550579768,42.59256297481008,1.332267093162735,14.954418232706916,2.8604558176729307,100.0,100.0
ref,Traj_29136,29136,1,middle_stratified,rdf_min,0.33,4,coordination_state_filter,Li_TFSI_O_contacts_ge_2,2501,2.39683049930247e-05,7.573859098404733e-05,5.15e-05,0.4654039804470816,1.470652252117424,0.3164609307040462,0.3321699066556262,6.790038769037182e-09,5.664548840811618e-09,86.61137433786438,100,100,48.168332666933225,62.015193922431024,29.61735305877649,16.22111155537785,0.2961735305877649,0.1622111155537784,13,29.61735305877649,16.22111155537785,45.54698120751699,1.530987604958017,12.848860455817674,2.443422630947621,100.0,100.0
ref,Traj_29224,29224,1,middle_stratified,rdf_min,0.33,4,coordination_state_filter,Li_TFSI_O_contacts_ge_2,2501,3.414773259526448e-05,0.0001229346441682,6.33e-05,0.5394586507940676,1.942095484489732,0.2777714355974652,0.2680418381361678,1.0890766689050782e-08,1.0172685379396417e-08,90.24394240347864,100,100,52.28308676529388,54.65653738504599,25.380247900839663,14.458216713314672,0.2538024790083966,0.1445821671331467,14,25.380247900839663,14.458216713314672,48.86685325869652,1.9420231907237104,11.136345461815274,3.1703318672530987,100.0,100.0
ref,Traj_29300,29300,1,middle_stratified,rdf_min,0.334,4,coordination_state_filter,Li_TFSI_O_contacts_ge_2,2501,2.1410010365658347e-05,7.333594232887307e-05,4.84e-05,0.4423555860673212,1.5152054200180387,0.2919443002401977,0.3542284840862127,6.595412825773773e-09,5.278684289078128e-09,85.27986794149213,100,100,52.89244302279088,57.56897241103559,27.39984006397441,16.360655737704917,0.273998400639744,0.1636065573770491,10,27.39984006397441,16.360655737704917,49.88804478208717,1.432626949220312,11.07876849260296,2.864454218312675,100.0,100.0
ref,Traj_29412,29412,1,middle_stratified,rdf_min,0.332,4,coordination_state_filter,Li_TFSI_O_contacts_ge_2,2501,2.6372128830030724e-05,8.492346744558285e-05,4.68e-05,0.5635070262827078,1.8146040052474968,0.3105399440611562,0.2491006644328098,8.767952311023708e-09,3.9857209943283986e-09,79.09888638769445,100,100,49.84166333466614,60.938024790083965,29.115553778488604,16.8812475009996,0.291155537784886,0.168812475009996,10,29.115553778488604,16.8812475009996,47.15393842463015,1.4934026389444222,11.643342662934826,2.484206317473011,100.0,100.0
ref,Traj_29471,29471,1,middle_stratified,rdf_min,0.324,4,coordination_state_filter,Li_TFSI_O_contacts_ge_2,2501,4.9097928482384016e-05,0.0001661401431544,3.08e-05,1.59408858709039,5.394160492025973,0.2955211639414296,0.2025124524524975,1.6967358292223552e-08,8.104169081792077e-09,79.48204111215888,100,100,48.24950019992003,57.86085565773691,26.794482207117152,14.934826069572171,0.2679448220711715,0.1493482606957217,12,26.794482207117152,14.934826069572171,44.540983606557376,2.1759296281487406,11.645741703318672,3.3142742902838864,100.0,100.0
ref,Traj_29600,29600,1,middle_stratified,rdf_min,0.332,4,coordination_state_filter,Li_TFSI_O_contacts_ge_2,2501,3.1413267542211644e-05,9.996350658829982e-05,5.7e-05,0.551109956880906,1.753745729619295,0.3142473550031346,0.2587617425231202,9.717131576859808e-09,7.835738860341827e-09,92.48460890902106,100,100,48.81487405037985,61.27828868452619,29.398640543782488,16.23950419832067,0.2939864054378249,0.1623950419832067,11,29.398640543782488,16.23950419832067,46.05797680927629,1.4370251899240305,12.268292682926829,2.6001599360255896,100.0,100.0
ref,Traj_29605,29605,1,middle_stratified,rdf_min,0.33,4,coordination_state_filter,Li_TFSI_O_contacts_ge_2,2501,2.390917993671793e-05,5.872705784415002e-05,5.81e-05,0.4115177269658853,1.0107927339784857,0.4071237486503779,0.3856114519276691,6.0807435804904714e-09,2.069293282432745e-09,73.09440390646554,100,100,43.157936825269886,79.7828868452619,38.50379848060776,27.604158336665336,0.3850379848060775,0.2760415833666533,10,38.50379848060776,27.604158336665336,41.52219112355058,1.602159136345462,10.38344662135146,1.543782487005198,100.0,100.0
ref,Traj_29758,29758,1,middle_stratified,rdf_min,0.33,4,coordination_state_filter,Li_TFSI_O_contacts_ge_2,2501,0.0001252748948298,0.00041075623537,0.000117,1.0707255968367233,3.5107370544444443,0.3049859844904163,0.0296781850719469,4.0423983174242456e-08,3.262248777757283e-08,93.6651156184622,100,100,48.54738104758097,59.95361855257897,28.38464614154338,15.173930427828868,0.2838464614154338,0.1517393042782887,19,28.38464614154338,15.173930427828868,45.56897241103559,1.661735305877649,12.974410235905635,2.761295481807277,100.0,100.0
ref,Traj_9438,9438,1,middle_stratified,rdf_min,0.328,4,coordination_state_filter,Li_TFSI_O_contacts_ge_2,2501,2.665466291437122e-05,9.266586542434248e-05,3.39e-05,0.7862732423118355,2.7335063547003684,0.2876427343802616,0.1044265035707313,9.451932301576956e-09,7.783869857425067e-09,97.96580550829898,100,100,48.62095161935226,56.63454618152739,26.82686925229908,12.599760095961615,0.2682686925229908,0.1259976009596161,14,26.82686925229908,12.599760095961615,45.209916033586566,1.5393842463014793,13.654138344662137,3.137145141943223,100.0,100.0
ref,Traj_9443,9443,1,middle_stratified,rdf_min,0.326,4,coordination_state_filter,Li_TFSI_O_contacts_ge_2,2501,3.41305657266868e-05,0.0001149654920861,5.65e-05,0.6040808093218902,2.0347874705504427,0.2968766114716033,0.2189049608902836,1.3322260550835508e-08,8.994062415387881e-09,102.2393158830512,100,100,48.88204718112755,58.35985605757697,27.751699320271893,14.055577768892444,0.2775169932027189,0.1405557776889244,12,27.751699320271893,14.055577768892444,45.74410235905638,1.488204718112755,13.13874450219912,2.9304278288684524,100.0,100.0
ref,Traj_9465,9465,1,middle_stratified,rdf_min,0.332,4,coordination_state_filter,Li_TFSI_O_contacts_ge_2,2501,2.5701498271437128e-05,7.610540462184161e-05,4.19e-05,0.6134009133994541,1.8163581055332123,0.3377092389054983,0.2122555816563579,8.92311547099536e-09,3.769469064808063e-09,87.84101891148597,100,100,44.502199120351854,66.82407037185128,32.2562974810076,16.94082367053179,0.322562974810076,0.1694082367053178,12,32.2562974810076,16.94082367053179,42.099560175929625,1.2187125149940023,14.699320271891244,2.185125949620152,100.0,100.0
ref,Traj_9511,9511,1,middle_stratified,rdf_min,0.332,4,coordination_state_filter,Li_TFSI_O_contacts_ge_2,2501,8.502086960333927e-05,0.0002394353766997,3.83e-05,2.219866047084576,6.251576415135769,0.3550890047044823,0.3463267686996523,2.6772396754714486e-08,1.0059351740833818e-08,81.02085422436812,100,100,47.2219112355058,70.28788484606157,33.790083966413434,22.71171531387445,0.3379008396641343,0.2271171531387445,11,33.790083966413434,22.71171531387445,44.88764494202319,1.4430227908836466,10.949620151939223,2.2019192323070773,100.0,100.0
ref,Traj_9536,9536,1,middle_stratified,rdf_min,0.324,4,coordination_state_filter,Li_TFSI_O_contacts_ge_2,2501,8.686460295824739e-05,0.0002949867155642,5.66e-05,1.5347102996156785,5.211779426929329,0.2944695417626101,0.1860264077269758,2.803380428380277e-08,1.4791539218677356e-08,76.46473647652037,100,100,50.18872451019592,58.263094762095164,27.11755297880848,15.558176729308276,0.2711755297880847,0.1555817672930827,14,27.11755297880848,15.558176729308276,47.04878048780488,1.955217912834866,12.076769292283087,2.8952419032387047,100.0,100.0
ref,Traj_9612,9612,1,middle_stratified,rdf_min,0.33,4,coordination_state_filter,Li_TFSI_O_contacts_ge_2,2501,5.781841170998037e-05,0.0001914306195507,5.08e-05,1.1381577108263852,3.7683192824940943,0.3020332475843411,0.0562024450080802,1.7178844932255858e-08,1.3789371319337456e-08,85.20549140713064,100,100,47.83646541383447,59.20031987205118,28.03038784486205,14.832866853258697,0.2803038784486205,0.1483286685325869,15,28.03038784486205,14.832866853258697,44.23670531787285,1.6485405837664937,12.55657736905238,3.311075569772091,100.0,100.0
ref,Traj_9826,9826,1,middle_stratified,rdf_min,0.33,4,coordination_state_filter,Li_TFSI_O_contacts_ge_2,2501,2.552470376010648e-05,9.370971425190772e-05,3.53e-05,0.7230794266319116,2.6546661261163664,0.2723805526873309,0.1408139950244735,8.667155643250006e-09,6.855546179544058e-09,87.24599520747266,100,100,50.4078368652539,53.78608556577369,25.069172331067573,11.947221111555375,0.2506917233106757,0.1194722111155537,12,25.069172331067573,11.947221111555375,46.94282287085166,1.7696921231507396,13.107157137145142,3.1779288284686125,100.0,100.0
ref,Traj_14748,14748,1,top,rdf_min,0.328,4,coordination_state_filter,Li_TFSI_O_contacts_ge_2,2501,0.0036251851978936,0.0037661954090506,0.00111,3.265932610715016,3.3929688369825226,0.9625589764094372,0.5140072192565736,1.3008348803122757e-07,5.639552681883276e-07,97.06075664953347,100,100,3.724510195921632,192.51179528188723,96.25389844062376,96.23830467812874,0.9625389844062376,0.9623830467812874,3,96.25389844062376,96.23830467812874,3.724510195921632,0.001999200319872,0.017592962814874,0.0,100.0,100.0
ref,Traj_14754,14754,1,top,rdf_min,0.326,4,coordination_state_filter,Li_TFSI_O_contacts_ge_2,2501,0.0039074884628916,0.0040653019913677,0.000959,4.074544799678496,4.239105309038269,0.9611803677042629,0.6100790972403617,1.464091306451357e-07,5.864662404162993e-07,94.95112478892014,100,100,3.831667333066773,192.19912035185925,96.10075969612156,96.03478608556576,0.9610075969612156,0.9603478608556576,4,96.10075969612156,96.03478608556576,3.830867652938824,0.0031987205117952,0.0515793682526989,0.0007996801279488,100.0,100.0
ref,Traj_14764,14764,1,top,rdf_min,0.326,4,coordination_state_filter,Li_TFSI_O_contacts_ge_2,2501,0.0066521166174585,0.006817035200064,0.00157,4.237016953795264,4.342060636983439,0.9758078728119391,0.6270602017694578,1.6866210309381545e-07,1.060227470713882e-06,94.94675413881514,100,100,2.3322670931627347,195.16033586565376,97.51619352259095,97.55977608956418,0.9751619352259095,0.9755977608956418,4,97.51619352259095,97.55977608956418,2.329468212714914,0.0627748900439824,0.0207916833266693,0.0027988804478208,100.0,100.0
ref,Traj_14768,14768,1,top,rdf_min,0.33,4,coordination_state_filter,Li_TFSI_O_contacts_ge_2,2501,0.0014264286300313,0.0015126719465746,0.00132,1.0806277500237156,1.1459635958898486,0.9429861069754146,0.0336761158289683,5.7369053780053184e-08,2.0643971451805322e-07,91.85594572799997,100,100,5.558176729308276,188.5889644142343,94.2842862854858,94.15833666533386,0.942842862854858,0.9415833666533386,4,94.2842862854858,94.15833666533386,5.558176729308276,0.0111955217912834,0.1331467413034786,0.0,100.0,100.0
ref,Traj_14769,14769,1,top,rdf_min,0.336,4,coordination_state_filter,Li_TFSI_O_contacts_ge_2,2501,0.0036168074037603,0.0039706231034109,0.0011,3.2880067306912024,3.609657366737181,0.910891643342669,0.5169326978884072,1.7132539340569146e-07,5.689640578175276e-07,98.19869020231388,100,100,8.822471011595363,182.1783286685326,91.06917233106758,91.02159136345462,0.9106917233106756,0.9102159136345462,4,91.06917233106758,91.02159136345462,8.821671331467414,0.0199920031987205,0.0675729708116753,0.0007996801279488,100.0,100.0
ref,Traj_27624,27624,1,top,rdf_min,0.324,4,coordination_state_filter,Li_TFSI_O_contacts_ge_2,2501,0.0069395651509788,0.0071264517911528,0.00108,6.425523287943352,6.59856647328963,0.9737756395958516,0.8079085019351673,1.8464710928181082e-07,1.1000202053755437e-06,94.94675413881514,100,100,2.524190323870452,194.7544982007197,97.31827269092364,97.34426229508196,0.9731827269092364,0.9734426229508196,4,97.31827269092364,97.34426229508196,2.517792882846861,0.0583766493402638,0.033186725309876,0.0063974410235905,100.0,100.0
ref,Traj_27628,27628,1,top,rdf_min,0.33,4,coordination_state_filter,Li_TFSI_O_contacts_ge_2,2501,0.0033679681260075,0.0036727413172312,0.000807,4.173442535325381,4.551104482318711,0.9170175177343064,0.6204944380210624,1.984093639940821e-07,4.863425208882529e-07,98.19869020231388,100,100,8.163534586165532,183.3374650139944,91.65693722510996,91.5217912834866,0.9165693722510996,0.915217912834866,4,91.65693722510996,91.5217912834866,8.163134746101559,0.0203918432626949,0.1211515393842463,0.0003998400639744,100.0,100.0
ref,Traj_27670,27670,1,top,rdf_min,0.328,4,coordination_state_filter,Li_TFSI_O_contacts_ge_2,2501,0.0014970839263585,0.0015848088943217,0.00103,1.453479540153902,1.5386494119628156,0.9446463429896844,0.1624089228207227,6.561610579346656e-08,2.1077328805074925e-07,91.85594572799997,100,100,5.35185925629748,188.9260295881648,94.4594162335066,94.28268692522992,0.944594162335066,0.9428268692522992,4,94.4594162335066,94.28268692522992,5.351059576169532,0.0039984006397441,0.1791283486605357,0.0007996801279488,100.0,100.0
ref,Traj_27710,27710,1,top,rdf_min,0.326,4,coordination_state_filter,Li_TFSI_O_contacts_ge_2,2501,0.0037170146064332,0.0038593363130102,0.000776,4.789967276331526,4.973371537384279,0.9631227508996416,0.6803325464506403,1.4149248913957997e-07,5.697103783690341e-07,97.06075664953347,100,100,3.654138344662135,192.62455017992804,96.30987604958015,96.28108756497402,0.9630987604958016,0.96281087564974,3,96.30987604958015,96.28108756497402,3.654138344662135,0.0023990403838464,0.031187524990004,0.0,100.0,100.0
