model_id,scheme_id,scheme_name,scheme_params,regressor,ridge_alpha,n_samples,n_high_true_ge_1e4,mae_log10,rmse_log10,r2,pearson,spearman,median_abs_error_log10,p90_abs_error_log10,max_abs_error_log10
baseline_unweighted__ridge_alpha_0p01,baseline_unweighted,Scheme A: baseline_unweighted,,Ridge,0.01,6270,701,0.13640469271938016,0.1769785215101071,0.464165776263352,0.6868885704950547,0.6408913155121284,0.11160148091008537,0.2834601093834609,0.9620832145848208
baseline_unweighted__ridge_alpha_0p1,baseline_unweighted,Scheme A: baseline_unweighted,,Ridge,0.1,6270,701,0.1363700924094255,0.17693706756138852,0.4644167653982546,0.6870252366081825,0.6410449217030431,0.11157395223460753,0.2834159342396344,0.961322021351815
baseline_unweighted__ridge_alpha_1,baseline_unweighted,Scheme A: baseline_unweighted,,Ridge,1.0,6270,701,0.13605286518961032,0.17655256943939784,0.4667419649607635,0.6882943508944662,0.6424089546749756,0.11138812611474691,0.28289400831857175,0.954241054101034
baseline_unweighted__ridge_alpha_10,baseline_unweighted,Scheme A: baseline_unweighted,,Ridge,10.0,6270,701,0.13416996759110256,0.1743372386706285,0.4800403424477864,0.6956603410409442,0.6500353184853593,0.10931571969709486,0.27784749403862685,0.9127706217975953
baseline_unweighted__ridge_alpha_100,baseline_unweighted,Scheme A: baseline_unweighted,,Ridge,100.0,6270,701,0.13166620968731355,0.17150873669485914,0.4967754510790534,0.7050456417500349,0.6591204799212824,0.10607516119265181,0.27325048226250137,0.8719101643778027
inverse_frequency_bins__ridge_alpha_0p01,inverse_frequency_bins,Scheme B: inverse_frequency_bins,q=5,Ridge,0.01,6270,701,0.13637887861570142,0.17695517808004166,0.46430711978579386,0.6869132116992709,0.6408920508719071,0.1115304350181292,0.28349983660830835,0.9628960226744812
inverse_frequency_bins__ridge_alpha_0p1,inverse_frequency_bins,Scheme B: inverse_frequency_bins,q=5,Ridge,0.1,6270,701,0.1363441606684821,0.17691380637611595,0.4645575779718999,0.6870498398787507,0.6410458898902397,0.11155304776501973,0.28347830421537995,0.9621352831144114
inverse_frequency_bins__ridge_alpha_1,inverse_frequency_bins,Scheme B: inverse_frequency_bins,q=5,Ridge,1.0,6270,701,0.13602740216547557,0.1765300812742704,0.46687780247423427,0.6883185897093799,0.6424180730145254,0.11133032178893987,0.2824069843480467,0.9550581387887509
inverse_frequency_bins__ridge_alpha_10,inverse_frequency_bins,Scheme B: inverse_frequency_bins,q=5,Ridge,10.0,6270,701,0.13414503199384273,0.17431961764643927,0.48014544631131173,0.6956821113979037,0.6500334557443107,0.1093358455503215,0.2775992790455676,0.9135880775146279
inverse_frequency_bins__ridge_alpha_100,inverse_frequency_bins,Scheme B: inverse_frequency_bins,q=5,Ridge,100.0,6270,701,0.1316485410296134,0.17150141589222462,0.49681841016147776,0.7050613381289654,0.6591058097736228,0.10609365792727798,0.2731355594494064,0.871901279929058
high_tail_step__ridge_alpha_0p01,high_tail_step,Scheme C: high_tail_step,,Ridge,0.01,6270,701,0.1370347507953258,0.1783522627918734,0.45581499502179423,0.6865711209091544,0.6398793012380051,0.11103428119358272,0.2799793406159457,0.9088567589699972
high_tail_step__ridge_alpha_0p1,high_tail_step,Scheme C: high_tail_step,,Ridge,0.1,6270,701,0.13699662733806253,0.17831026729941393,0.4560712365334135,0.6867131414620503,0.6400451469216286,0.11097082434335448,0.28009226416359445,0.9080832573101985
high_tail_step__ridge_alpha_1,high_tail_step,Scheme C: high_tail_step,,Ridge,1.0,6270,701,0.1366449816220097,0.17792178262857272,0.4584387703992284,0.6880295564283624,0.641416882525572,0.11055984200601321,0.2803081959821261,0.9008467230097477
high_tail_step__ridge_alpha_10,high_tail_step,Scheme C: high_tail_step,,Ridge,10.0,6270,701,0.13466773512408042,0.17572285040165833,0.47174234162114226,0.6955816357847671,0.6491508194915462,0.10853124807800096,0.2782857728491531,0.8598507654908163
high_tail_step__ridge_alpha_100,high_tail_step,Scheme C: high_tail_step,,Ridge,100.0,6270,701,0.13207499508022041,0.1731769360982228,0.48693849988460725,0.7046639445629849,0.6573378545802011,0.10544670085115326,0.2743826906734225,0.9796782441422627
aggressive_high_tail_step__ridge_alpha_0p01,aggressive_high_tail_step,Scheme D: aggressive_high_tail_step,,Ridge,0.01,6270,701,0.13813750369832264,0.18018747693390222,0.44455823599313327,0.6834860487007586,0.6364710319532101,0.11086426589761222,0.28339667888631637,0.899051079340087
aggressive_high_tail_step__ridge_alpha_0p1,aggressive_high_tail_step,Scheme D: aggressive_high_tail_step,,Ridge,0.1,6270,701,0.13809778842771725,0.1801454682347779,0.444817195898483,0.6836358790616096,0.6366305825822658,0.11078133295950354,0.28353614960518403,0.8983423265769317
aggressive_high_tail_step__ridge_alpha_1,aggressive_high_tail_step,Scheme D: aggressive_high_tail_step,,Ridge,1.0,6270,701,0.13773890654195398,0.17975798626270034,0.44720295637627483,0.6850225839041064,0.6380543149869062,0.11066794403824565,0.28285487092317996,0.8917164635625867
aggressive_high_tail_step__ridge_alpha_10,aggressive_high_tail_step,Scheme D: aggressive_high_tail_step,,Ridge,10.0,6270,701,0.13571514317322608,0.17760692094633684,0.46035383665498275,0.6929124766382169,0.6461189418579615,0.10836633475554369,0.28078567879125604,0.9204797929837856
aggressive_high_tail_step__ridge_alpha_100,aggressive_high_tail_step,Scheme D: aggressive_high_tail_step,,Ridge,100.0,6270,701,0.1333187671151105,0.17538534102849124,0.473769632765919,0.7022181478574603,0.6547021620197035,0.10640088611641163,0.2743164962491933,1.0622573628392855
recall_focused_near_threshold__ridge_alpha_0p01,recall_focused_near_threshold,Scheme F: recall_focused_near_threshold,,Ridge,0.01,6270,701,0.1404910937785437,0.18421739218450486,0.41943535694148504,0.6806964625689266,0.6327711819761845,0.1124640049020198,0.29134207992617644,0.9217269976201949
recall_focused_near_threshold__ridge_alpha_0p1,recall_focused_near_threshold,Scheme F: recall_focused_near_threshold,,Ridge,0.1,6270,701,0.14045523825578055,0.1841787429701768,0.4196789388665725,0.680861459172805,0.6329384046642001,0.11251354324275242,0.29126649645361385,0.9215566839403193
recall_focused_near_threshold__ridge_alpha_1,recall_focused_near_threshold,Scheme F: recall_focused_near_threshold,,Ridge,1.0,6270,701,0.14012385896219545,0.18382568840181496,0.421901656050104,0.682381392893349,0.6344554689514464,0.11245851561790676,0.29035103466871887,0.9199366204218622
recall_focused_near_threshold__ridge_alpha_10,recall_focused_near_threshold,Scheme F: recall_focused_near_threshold,,Ridge,10.0,6270,701,0.13832803777364777,0.18198710673234558,0.4334078354473816,0.6908335510886263,0.6428772675643062,0.11058608209594323,0.28578596609727636,0.9441514211713784
recall_focused_near_threshold__ridge_alpha_100,recall_focused_near_threshold,Scheme F: recall_focused_near_threshold,,Ridge,100.0,6270,701,0.13667798337397163,0.1807468576271987,0.4411042148378903,0.7009101395032862,0.6522278194194384,0.10813789167964938,0.2843743492471349,1.0878492075134325
smooth_sigmoid_tail_a1_t0p05__ridge_alpha_0p01,smooth_sigmoid_tail_a1_t0p05,Scheme E: smooth_sigmoid_tail,threshold=-4; alpha=1; temperature=0.05,Ridge,0.01,6270,701,0.1374617572623708,0.17851923289679184,0.4547956061123103,0.6863705459369539,0.6416322960588531,0.11130842711656275,0.28188515918392876,0.9100610200960633
smooth_sigmoid_tail_a1_t0p05__ridge_alpha_0p1,smooth_sigmoid_tail_a1_t0p05,Scheme E: smooth_sigmoid_tail,threshold=-4; alpha=1; temperature=0.05,Ridge,0.1,6270,701,0.13742312463653733,0.17847372220626098,0.4550735533704027,0.6865125881577822,0.6417700120767034,0.1111973760640872,0.28159547244764865,0.9091741537217093
smooth_sigmoid_tail_a1_t0p05__ridge_alpha_1,smooth_sigmoid_tail_a1_t0p05,Scheme E: smooth_sigmoid_tail,threshold=-4; alpha=1; temperature=0.05,Ridge,1.0,6270,701,0.13706002161970787,0.17805188395609028,0.45764647173606965,0.6878300869844534,0.6430974181192729,0.11099865551920773,0.2824484988974777,0.9009075493816776
smooth_sigmoid_tail_a1_t0p05__ridge_alpha_10,smooth_sigmoid_tail_a1_t0p05,Scheme E: smooth_sigmoid_tail,threshold=-4; alpha=1; temperature=0.05,Ridge,10.0,6270,701,0.1349799106451295,0.17562690520234595,0.4723190446447564,0.6954264364893916,0.6506726982067709,0.10993147541412807,0.27705136418184845,0.8597009596236562
smooth_sigmoid_tail_a1_t0p05__ridge_alpha_100,smooth_sigmoid_tail_a1_t0p05,Scheme E: smooth_sigmoid_tail,threshold=-4; alpha=1; temperature=0.05,Ridge,100.0,6270,701,0.13198761811637524,0.17248130406353163,0.49105204070467856,0.7048937498190987,0.658931883432918,0.1062425453873086,0.2757726149381614,0.9018497871376123
smooth_sigmoid_tail_a1_t0p1__ridge_alpha_0p01,smooth_sigmoid_tail_a1_t0p1,Scheme E: smooth_sigmoid_tail,threshold=-4; alpha=1; temperature=0.1,Ridge,0.01,6270,701,0.13703160019898267,0.17807033327683366,0.4575340710989193,0.6867806270393455,0.6414222814684251,0.11100593282132132,0.28156441742881533,0.9059298337375901
smooth_sigmoid_tail_a1_t0p1__ridge_alpha_0p1,smooth_sigmoid_tail_a1_t0p1,Scheme E: smooth_sigmoid_tail,threshold=-4; alpha=1; temperature=0.1,Ridge,0.1,6270,701,0.1369940363397327,0.17802644944875168,0.45780140982742135,0.6869214801904124,0.6415692372904164,0.1109339743087916,0.2814422989770116,0.9050707142312029
smooth_sigmoid_tail_a1_t0p1__ridge_alpha_1,smooth_sigmoid_tail_a1_t0p1,Scheme E: smooth_sigmoid_tail,threshold=-4; alpha=1; temperature=0.1,Ridge,1.0,6270,701,0.13664306485866645,0.17761973718532095,0.4602759513597523,0.6882282127310121,0.6429150504763202,0.1107391821408279,0.2803911481377232,0.8970721461096867
smooth_sigmoid_tail_a1_t0p1__ridge_alpha_10,smooth_sigmoid_tail_a1_t0p1,Scheme E: smooth_sigmoid_tail,threshold=-4; alpha=1; temperature=0.1,Ridge,10.0,6270,701,0.13459715661012742,0.1752850978794403,0.47437100473538163,0.6957714758132412,0.65044280224826,0.1093443606549287,0.2765623904926656,0.8589207646670118
smooth_sigmoid_tail_a1_t0p1__ridge_alpha_100,smooth_sigmoid_tail_a1_t0p1,Scheme E: smooth_sigmoid_tail,threshold=-4; alpha=1; temperature=0.1,Ridge,100.0,6270,701,0.13174742984446938,0.17231357287526153,0.49204142258246186,0.7051926668557474,0.6587955375064452,0.1048457238647611,0.2734361498424727,0.9047765112841821
smooth_sigmoid_tail_a1_t0p2__ridge_alpha_0p01,smooth_sigmoid_tail_a1_t0p2,Scheme E: smooth_sigmoid_tail,threshold=-4; alpha=1; temperature=0.2,Ridge,0.01,6270,701,0.1363623473757619,0.17729813853524776,0.46222863286927385,0.6875881976945519,0.6413895028245388,0.11065804153967296,0.28117811333878906,0.9207763530042832
smooth_sigmoid_tail_a1_t0p2__ridge_alpha_0p1,smooth_sigmoid_tail_a1_t0p2,Scheme E: smooth_sigmoid_tail,threshold=-4; alpha=1; temperature=0.2,Ridge,0.1,6270,701,0.13632635899749074,0.1772567316211245,0.46247979007583906,0.6877261784757949,0.6415229067033561,0.11055787793378169,0.2813158525188327,0.9199550493960058
smooth_sigmoid_tail_a1_t0p2__ridge_alpha_1,smooth_sigmoid_tail_a1_t0p2,Scheme E: smooth_sigmoid_tail,threshold=-4; alpha=1; temperature=0.2,Ridge,1.0,6270,701,0.13599147449854962,0.17687296860074614,0.4648047463988152,0.6890067752590672,0.6428587021518795,0.11014834188908385,0.2811158528226947,0.9123114245469419
smooth_sigmoid_tail_a1_t0p2__ridge_alpha_10,smooth_sigmoid_tail_a1_t0p2,Scheme E: smooth_sigmoid_tail,threshold=-4; alpha=1; temperature=0.2,Ridge,10.0,6270,701,0.13403389663635523,0.17467287790351016,0.47803633164239945,0.6964133285475227,0.6503466639250602,0.10869576870342934,0.27638872132022047,0.8674002659603697
smooth_sigmoid_tail_a1_t0p2__ridge_alpha_100,smooth_sigmoid_tail_a1_t0p2,Scheme E: smooth_sigmoid_tail,threshold=-4; alpha=1; temperature=0.2,Ridge,100.0,6270,701,0.13142416825004485,0.17195145257810507,0.4941741487395994,0.7056354401825349,0.6587847839224535,0.1039107070472034,0.27287271146415826,0.9098121016029399
smooth_sigmoid_tail_a2_t0p05__ridge_alpha_0p01,smooth_sigmoid_tail_a2_t0p05,Scheme E: smooth_sigmoid_tail,threshold=-4; alpha=2; temperature=0.05,Ridge,0.01,6270,701,0.1390303600452405,0.18060328102949808,0.441991781960555,0.683809502953661,0.6405458139129753,0.11240535606607471,0.28491780836133496,0.883039881772933
smooth_sigmoid_tail_a2_t0p05__ridge_alpha_0p1,smooth_sigmoid_tail_a2_t0p05,Scheme E: smooth_sigmoid_tail,threshold=-4; alpha=2; temperature=0.05,Ridge,0.1,6270,701,0.13898797361745865,0.18055395621750123,0.4422965371319947,0.6839618288030845,0.6406840033506316,0.11230128755401791,0.28494455564758336,0.8820350200710245
smooth_sigmoid_tail_a2_t0p05__ridge_alpha_1,smooth_sigmoid_tail_a2_t0p05,Scheme E: smooth_sigmoid_tail,threshold=-4; alpha=2; temperature=0.05,Ridge,1.0,6270,701,0.13859527295841395,0.1800978924376857,0.4451104009051896,0.6853718504781956,0.6420519963359905,0.11228687097828471,0.28522114428810696,0.8726729135484805
smooth_sigmoid_tail_a2_t0p05__ridge_alpha_10,smooth_sigmoid_tail_a2_t0p05,Scheme E: smooth_sigmoid_tail,threshold=-4; alpha=2; temperature=0.05,Ridge,10.0,6270,701,0.1363008944387188,0.17751399269046517,0.4609184008854287,0.693410655813014,0.649745222825548,0.11031001281705466,0.2791231401645347,0.8714188123165219
smooth_sigmoid_tail_a2_t0p05__ridge_alpha_100,smooth_sigmoid_tail_a2_t0p05,Scheme E: smooth_sigmoid_tail,threshold=-4; alpha=2; temperature=0.05,Ridge,100.0,6270,701,0.13311020848065913,0.17429287900001364,0.48030491363030503,0.7032407065071264,0.6578425271524526,0.10655101438274395,0.2756990587292246,0.9452872756187745
smooth_sigmoid_tail_a2_t0p1__ridge_alpha_0p01,smooth_sigmoid_tail_a2_t0p1,Scheme E: smooth_sigmoid_tail,threshold=-4; alpha=2; temperature=0.1,Ridge,0.01,6270,701,0.1380726385778648,0.17968812299748602,0.4476325640100135,0.6850628769521311,0.6405382983705125,0.1117180559741282,0.28265388827562865,0.87555143914182
smooth_sigmoid_tail_a2_t0p1__ridge_alpha_0p1,smooth_sigmoid_tail_a2_t0p1,Scheme E: smooth_sigmoid_tail,threshold=-4; alpha=2; temperature=0.1,Ridge,0.1,6270,701,0.13803279828821047,0.17964237917267709,0.4479137643764727,0.6852111639349455,0.640689092765681,0.1116434815482914,0.2824951190671075,0.8746262115239012
smooth_sigmoid_tail_a2_t0p1__ridge_alpha_1,smooth_sigmoid_tail_a2_t0p1,Scheme E: smooth_sigmoid_tail,threshold=-4; alpha=2; temperature=0.1,Ridge,1.0,6270,701,0.13766513432285002,0.17921940360887934,0.4505105243692633,0.6865845857163206,0.6420658765986844,0.11096863112157407,0.28203796595334835,0.8660198116651592
smooth_sigmoid_tail_a2_t0p1__ridge_alpha_10,smooth_sigmoid_tail_a2_t0p1,Scheme E: smooth_sigmoid_tail,threshold=-4; alpha=2; temperature=0.1,Ridge,10.0,6270,701,0.1355443598517369,0.17682549426545685,0.4650920105210804,0.6944411445911346,0.6496244721006137,0.1094359890463843,0.27860858940496186,0.8725673243113388
smooth_sigmoid_tail_a2_t0p1__ridge_alpha_100,smooth_sigmoid_tail_a2_t0p1,Scheme E: smooth_sigmoid_tail,threshold=-4; alpha=2; temperature=0.1,Ridge,100.0,6270,701,0.13262209558453966,0.173937692895242,0.4824208966912815,0.7040843917109882,0.657784731622441,0.10620310044043446,0.2742207926708238,0.9509295681542396
smooth_sigmoid_tail_a2_t0p2__ridge_alpha_0p01,smooth_sigmoid_tail_a2_t0p2,Scheme E: smooth_sigmoid_tail,threshold=-4; alpha=2; temperature=0.2,Ridge,0.01,6270,701,0.13672524323872842,0.1781087816727694,0.45729979067594584,0.6870905620051113,0.6407929625900315,0.11061387925909827,0.28105713325425774,0.9007097302429732
smooth_sigmoid_tail_a2_t0p2__ridge_alpha_0p1,smooth_sigmoid_tail_a2_t0p2,Scheme E: smooth_sigmoid_tail,threshold=-4; alpha=2; temperature=0.2,Ridge,0.1,6270,701,0.13668881348930087,0.17806772674558619,0.457549951835703,0.6872314493981898,0.6409459543259016,0.11048677024837272,0.2810785755842282,0.8998711036903528
smooth_sigmoid_tail_a2_t0p2__ridge_alpha_1,smooth_sigmoid_tail_a2_t0p2,Scheme E: smooth_sigmoid_tail,threshold=-4; alpha=2; temperature=0.2,Ridge,1.0,6270,701,0.136351809421132,0.17768784300719836,0.4598619726235861,0.6885378221075497,0.642291604617809,0.11004270698203067,0.2804425945159248,0.8920718430876287
smooth_sigmoid_tail_a2_t0p2__ridge_alpha_10,smooth_sigmoid_tail_a2_t0p2,Scheme E: smooth_sigmoid_tail,threshold=-4; alpha=2; temperature=0.2,Ridge,10.0,6270,701,0.13438867901543583,0.17553367033596814,0.4728791547758482,0.6960537159566977,0.6497904739842935,0.10868775783265994,0.2770193614369648,0.8649395706938536
smooth_sigmoid_tail_a2_t0p2__ridge_alpha_100,smooth_sigmoid_tail_a2_t0p2,Scheme E: smooth_sigmoid_tail,threshold=-4; alpha=2; temperature=0.2,Ridge,100.0,6270,701,0.1318595219287921,0.1730325034733585,0.4877939477209883,0.7052354687002963,0.6580181389543228,0.10501155310590526,0.2735773183457189,0.9587766119676209
smooth_sigmoid_tail_a4_t0p05__ridge_alpha_0p01,smooth_sigmoid_tail_a4_t0p05,Scheme E: smooth_sigmoid_tail,threshold=-4; alpha=4; temperature=0.05,Ridge,0.01,6270,701,0.14203554782565808,0.1846854749304286,0.41648126514479267,0.6779832057228626,0.6371730163781644,0.11369286307615223,0.2918255624603957,0.8831957365654839
smooth_sigmoid_tail_a4_t0p05__ridge_alpha_0p1,smooth_sigmoid_tail_a4_t0p05,Scheme E: smooth_sigmoid_tail,threshold=-4; alpha=4; temperature=0.05,Ridge,0.1,6270,701,0.14198575645683256,0.18462949693864247,0.4168349394845213,0.6781583979942475,0.6373245069674751,0.1138003363495832,0.29154566536831583,0.883395915717264
smooth_sigmoid_tail_a4_t0p05__ridge_alpha_1,smooth_sigmoid_tail_a4_t0p05,Scheme E: smooth_sigmoid_tail,threshold=-4; alpha=4; temperature=0.05,Ridge,1.0,6270,701,0.14152870421960306,0.18411517614453185,0.4200794498182203,0.6797724531207057,0.6388087714336418,0.11318051731210321,0.2908874848004145,0.8852819021831246
smooth_sigmoid_tail_a4_t0p05__ridge_alpha_10,smooth_sigmoid_tail_a4_t0p05,Scheme E: smooth_sigmoid_tail,threshold=-4; alpha=4; temperature=0.05,Ridge,10.0,6270,701,0.13901579627092922,0.18130972989140384,0.4376178275761794,0.6887417071525708,0.647067241284465,0.11164483487677401,0.28748610495897436,0.8976183465792884
smooth_sigmoid_tail_a4_t0p05__ridge_alpha_100,smooth_sigmoid_tail_a4_t0p05,Scheme E: smooth_sigmoid_tail,threshold=-4; alpha=4; temperature=0.05,Ridge,100.0,6270,701,0.13579864579807624,0.17822485769840601,0.45659218928741285,0.6993037730060371,0.6550470453908638,0.10946140775681457,0.2807924995366326,1.013723642475476
smooth_sigmoid_tail_a4_t0p1__ridge_alpha_0p01,smooth_sigmoid_tail_a4_t0p1,Scheme E: smooth_sigmoid_tail,threshold=-4; alpha=4; temperature=0.1,Ridge,0.01,6270,701,0.14024139184450787,0.1829668837020125,0.4272906074618068,0.6810308143520919,0.6375766379808762,0.11232473555798306,0.2926297916510671,0.8840846968753002
smooth_sigmoid_tail_a4_t0p1__ridge_alpha_0p1,smooth_sigmoid_tail_a4_t0p1,Scheme E: smooth_sigmoid_tail,threshold=-4; alpha=4; temperature=0.1,Ridge,0.1,6270,701,0.14019841848268855,0.18291862578383541,0.4275926743460958,0.6811948747629539,0.6377269590779466,0.11215062297068545,0.2920812942734892,0.8842737978016881
smooth_sigmoid_tail_a4_t0p1__ridge_alpha_1,smooth_sigmoid_tail_a4_t0p1,Scheme E: smooth_sigmoid_tail,threshold=-4; alpha=4; temperature=0.1,Ridge,1.0,6270,701,0.1398017727829134,0.18247485604508967,0.4303666829440552,0.6827089921424433,0.639212566324214,0.11170784437137105,0.2918357813528709,0.8860620796241943
smooth_sigmoid_tail_a4_t0p1__ridge_alpha_10,smooth_sigmoid_tail_a4_t0p1,Scheme E: smooth_sigmoid_tail,threshold=-4; alpha=4; temperature=0.1,Ridge,10.0,6270,701,0.13757583644228463,0.18004888944151234,0.4454123206365863,0.6912063343846361,0.6471749674026787,0.11094969162917412,0.2850196941778969,0.89796905196593
smooth_sigmoid_tail_a4_t0p1__ridge_alpha_100,smooth_sigmoid_tail_a4_t0p1,Scheme E: smooth_sigmoid_tail,threshold=-4; alpha=4; temperature=0.1,Ridge,100.0,6270,701,0.1348952195723059,0.17753930781959298,0.46076463392685385,0.7013235800852717,0.6552310679706136,0.10825883502938982,0.27926136307480676,1.0234340286915646
smooth_sigmoid_tail_a4_t0p2__ridge_alpha_0p01,smooth_sigmoid_tail_a4_t0p2,Scheme E: smooth_sigmoid_tail,threshold=-4; alpha=4; temperature=0.2,Ridge,0.01,6270,701,0.1376716335933286,0.17986999557780287,0.44651383306573955,0.6854795228333654,0.6389659781612137,0.11064439854501229,0.28518220574854874,0.8820414203622793
smooth_sigmoid_tail_a4_t0p2__ridge_alpha_0p1,smooth_sigmoid_tail_a4_t0p2,Scheme E: smooth_sigmoid_tail,threshold=-4; alpha=4; temperature=0.2,Ridge,0.1,6270,701,0.13763439871756664,0.1798298747685169,0.44676072067215555,0.6856262869882215,0.639110240146859,0.11065129874050017,0.28529906533236205,0.8823081855994399
smooth_sigmoid_tail_a4_t0p2__ridge_alpha_1,smooth_sigmoid_tail_a4_t0p2,Scheme E: smooth_sigmoid_tail,threshold=-4; alpha=4; temperature=0.2,Ridge,1.0,6270,701,0.13729172242212193,0.17945987618953232,0.4490349497504522,0.6869848152076365,0.6405102597666703,0.11010182701451265,0.2846213589551149,0.8849052823545378
smooth_sigmoid_tail_a4_t0p2__ridge_alpha_10,smooth_sigmoid_tail_a4_t0p2,Scheme E: smooth_sigmoid_tail,threshold=-4; alpha=4; temperature=0.2,Ridge,10.0,6270,701,0.1353684390845131,0.17740944238566497,0.4615532189879499,0.6947255967133084,0.6481242633743441,0.10891118451895476,0.2803771987667959,0.9070048407646594
smooth_sigmoid_tail_a4_t0p2__ridge_alpha_100,smooth_sigmoid_tail_a4_t0p2,Scheme E: smooth_sigmoid_tail,threshold=-4; alpha=4; temperature=0.2,Ridge,100.0,6270,701,0.133118975938337,0.1753516568947941,0.47397174671420783,0.7039153797419005,0.6562901899374226,0.10654715331523645,0.2759412400809763,1.0323153997275076
smooth_sigmoid_tail_a6_t0p05__ridge_alpha_0p01,smooth_sigmoid_tail_a6_t0p05,Scheme E: smooth_sigmoid_tail,threshold=-4; alpha=6; temperature=0.05,Ridge,0.01,6270,701,0.14469372324576085,0.18830565481376715,0.39338094611637386,0.6725792424354091,0.63359622139943,0.11613844301024523,0.2985628480603318,0.905599338652392
smooth_sigmoid_tail_a6_t0p05__ridge_alpha_0p1,smooth_sigmoid_tail_a6_t0p05,Scheme E: smooth_sigmoid_tail,threshold=-4; alpha=6; temperature=0.05,Ridge,0.1,6270,701,0.14463843345451985,0.18824414462165354,0.39377718658380856,0.6727768012889379,0.6337910636993024,0.11622347518814813,0.2984192799515425,0.9057699960923182
smooth_sigmoid_tail_a6_t0p05__ridge_alpha_1,smooth_sigmoid_tail_a6_t0p05,Scheme E: smooth_sigmoid_tail,threshold=-4; alpha=6; temperature=0.05,Ridge,1.0,6270,701,0.1441381578633024,0.18768278903544677,0.39738738286330233,0.6745881990691158,0.635444931729861,0.11520220665337622,0.2974332799413612,0.9073780694381757
smooth_sigmoid_tail_a6_t0p05__ridge_alpha_10,smooth_sigmoid_tail_a6_t0p05,Scheme E: smooth_sigmoid_tail,threshold=-4; alpha=6; temperature=0.05,Ridge,10.0,6270,701,0.14146284703177137,0.18474113188350658,0.41612951286448097,0.6844042345217047,0.6443342466774867,0.11372864773372937,0.29327492942508293,0.9180480096513151
smooth_sigmoid_tail_a6_t0p05__ridge_alpha_100,smooth_sigmoid_tail_a6_t0p05,Scheme E: smooth_sigmoid_tail,threshold=-4; alpha=6; temperature=0.05,Ridge,100.0,6270,701,0.13839901144222416,0.181957174831491,0.4335941979445742,0.6955877493873152,0.6523642658037002,0.11196389541919549,0.2867526034602824,1.0668450731664008
smooth_sigmoid_tail_a6_t0p1__ridge_alpha_0p01,smooth_sigmoid_tail_a6_t0p1,Scheme E: smooth_sigmoid_tail,threshold=-4; alpha=6; temperature=0.1,Ridge,0.01,6270,701,0.14222642479588862,0.185917551967542,0.4086697343570437,0.6772974039760903,0.6344547975127129,0.11383053396901666,0.29443855552774245,0.9047108916631661
smooth_sigmoid_tail_a6_t0p1__ridge_alpha_0p1,smooth_sigmoid_tail_a6_t0p1,Scheme E: smooth_sigmoid_tail,threshold=-4; alpha=6; temperature=0.1,Ridge,0.1,6270,701,0.14218088658541048,0.1858678502392105,0.40898585521215236,0.6774760094116116,0.6346234709114899,0.11373908099688945,0.294557542375124,0.9048730578970439
smooth_sigmoid_tail_a6_t0p1__ridge_alpha_1,smooth_sigmoid_tail_a6_t0p1,Scheme E: smooth_sigmoid_tail,threshold=-4; alpha=6; temperature=0.1,Ridge,1.0,6270,701,0.14176562493909137,0.1854132983878398,0.4118730471290658,0.6791190254111972,0.6361968632953063,0.11355169117003117,0.29353373895597945,0.9064099261680489
smooth_sigmoid_tail_a6_t0p1__ridge_alpha_10,smooth_sigmoid_tail_a6_t0p1,Scheme E: smooth_sigmoid_tail,threshold=-4; alpha=6; temperature=0.1,Ridge,10.0,6270,701,0.1395270430495501,0.1830133535885847,0.42699965732211675,0.6881854125116706,0.6445712191776786,0.11202952748967032,0.2892626454757707,0.9365240440127529
smooth_sigmoid_tail_a6_t0p1__ridge_alpha_100,smooth_sigmoid_tail_a6_t0p1,Scheme E: smooth_sigmoid_tail,threshold=-4; alpha=6; temperature=0.1,Ridge,100.0,6270,701,0.13718492601031182,0.1809520320728402,0.43983463572868176,0.6987330485753741,0.6527768839892715,0.10973494090569291,0.2842410464693838,1.0790126024010132
smooth_sigmoid_tail_a6_t0p2__ridge_alpha_0p01,smooth_sigmoid_tail_a6_t0p2,Scheme E: smooth_sigmoid_tail,threshold=-4; alpha=6; temperature=0.2,Ridge,0.01,6270,701,0.13859112609494315,0.18142745688761439,0.43688726492320185,0.6838906386559036,0.6371586865991173,0.11077611742540716,0.2873899582221837,0.9231967785341864
smooth_sigmoid_tail_a6_t0p2__ridge_alpha_0p1,smooth_sigmoid_tail_a6_t0p2,Scheme E: smooth_sigmoid_tail,threshold=-4; alpha=6; temperature=0.2,Ridge,0.1,6270,701,0.13855439961705493,0.18138825177187928,0.4371306075241823,0.6840423138027325,0.6373120450168712,0.11064610483087156,0.28723971886047295,0.9235332137150918
smooth_sigmoid_tail_a6_t0p2__ridge_alpha_1,smooth_sigmoid_tail_a6_t0p2,Scheme E: smooth_sigmoid_tail,threshold=-4; alpha=6; temperature=0.2,Ridge,1.0,6270,701,0.1382148346789573,0.1810277326105412,0.43936585194403177,0.6854444149301362,0.6387359086227433,0.11088352069494478,0.28701956468057827,0.9267921277838109
smooth_sigmoid_tail_a6_t0p2__ridge_alpha_10,smooth_sigmoid_tail_a6_t0p2,Scheme E: smooth_sigmoid_tail,threshold=-4; alpha=6; temperature=0.2,Ridge,10.0,6270,701,0.1363480919494898,0.17906939301872477,0.45143000899334484,0.6933743387109741,0.6465093079008382,0.10931070968157464,0.28229500310127287,0.9532732337288268
smooth_sigmoid_tail_a6_t0p2__ridge_alpha_100,smooth_sigmoid_tail_a6_t0p2,Scheme E: smooth_sigmoid_tail,threshold=-4; alpha=6; temperature=0.2,Ridge,100.0,6270,701,0.1343730392641751,0.17737396648251402,0.46176853983820365,0.7026055903536138,0.6546595568660571,0.10710931042532179,0.2792501646405019,1.0854809186759882
