model_id,scheme_id,scheme_name,scheme_params,regressor,ridge_alpha,n_samples,n_high_true_ge_1e4,mae_log10,rmse_log10,r2,pearson,spearman,median_abs_error_log10,p90_abs_error_log10,max_abs_error_log10,precision_at_1e4,recall_at_1e4,f1_at_1e4,threshold_enrichment_at_1e4,top100_true_ge_1e4_hit_rate,top100_enrichment,top100_mean_true_log10_cond,top100_median_true_log10_cond,tail_mae_true_ge_1e4,tail_rmse_true_ge_1e4,baseline_model_id,delta_mae_vs_baseline,delta_rmse_vs_baseline,delta_spearman_vs_baseline,delta_recall_at_1e4_vs_baseline,delta_top100_enrichment_vs_baseline,passes_screening_constraints,score_recall_at_1e4,score_top100_enrichment,score_spearman,score_tail_mae_inverse,score_global_mae_inverse,cej_screening_score,pareto_candidate,recommended_role
smooth_sigmoid_tail_a6_t0p05__ridge_alpha_100,smooth_sigmoid_tail_a6_t0p05,Scheme E: smooth_sigmoid_tail,threshold=-4; alpha=6; temperature=0.05,Ridge,100.0,6270,701,0.13839901144222416,0.181957174831491,0.4335941979445742,0.6955877493873152,0.6523642658037002,0.11196389541919549,0.2867526034602824,1.0668450731664008,0.5867208672086721,0.6176890156918687,0.6018068102849202,5.247845702422788,0.96,8.586590584878744,-3.6135532145192526,-3.676896193896657,0.1262435712820409,0.16177085528938284,baseline_unweighted__ridge_alpha_1,0.00234614625261384,0.0054046053920931425,0.009955311128724609,0.16262482168330955,0.1788873038516403,True,1.0,0.7499999999999976,0.7435903555510421,1.0,0.4743724869122516,0.8073739441470456,True,best weighted screening candidate
smooth_sigmoid_tail_a4_t0p05__ridge_alpha_100,smooth_sigmoid_tail_a4_t0p05,Scheme E: smooth_sigmoid_tail,threshold=-4; alpha=4; temperature=0.05,Ridge,100.0,6270,701,0.13579864579807624,0.17822485769840601,0.45659218928741285,0.6993037730060371,0.6550470453908638,0.10946140775681457,0.2807924995366326,1.013723642475476,0.6128550074738416,0.5848787446504993,0.5985401459854014,5.481598996948626,0.96,8.586590584878744,-3.6114764974539657,-3.6645432575002697,0.13294991251036625,0.16877109454810507,baseline_unweighted__ridge_alpha_1,-0.0002542193915340829,0.00167228825900817,0.012638090715888173,0.12981455064194009,0.1788873038516403,True,0.8296296296296296,0.7499999999999976,0.8454063353450191,0.8591491321287015,0.6703372833946835,0.7934116368049184,True,not recommended
smooth_sigmoid_tail_a6_t0p1__ridge_alpha_100,smooth_sigmoid_tail_a6_t0p1,Scheme E: smooth_sigmoid_tail,threshold=-4; alpha=6; temperature=0.1,Ridge,100.0,6270,701,0.13718492601031182,0.1809520320728402,0.43983463572868176,0.6987330485753741,0.6527768839892715,0.10973494090569291,0.2842410464693838,1.0790126024010132,0.6176024279210925,0.5805991440798859,0.5985294117647059,5.524061659151569,0.96,8.586590584878744,-3.6137939289198426,-3.676896193896657,0.13040978354032376,0.16446430300331086,baseline_unweighted__ridge_alpha_1,0.001132060820701497,0.004399462633442347,0.010367929314295865,0.1255349500713267,0.1788873038516403,True,0.8074074074074076,0.7499999999999976,0.759249906952791,0.9124985454309014,0.5658665447238589,0.7629565967656236,True,not recommended
smooth_sigmoid_tail_a4_t0p1__ridge_alpha_100,smooth_sigmoid_tail_a4_t0p1,Scheme E: smooth_sigmoid_tail,threshold=-4; alpha=4; temperature=0.1,Ridge,100.0,6270,701,0.1348952195723059,0.17753930781959298,0.46076463392685385,0.7013235800852717,0.6552310679706136,0.10825883502938982,0.27926136307480676,1.0234340286915646,0.6267942583732058,0.5606276747503567,0.5918674698795181,5.606276747503567,0.96,8.586590584878744,-3.611632175226232,-3.6645432575002697,0.1365569717194503,0.17104518076385855,baseline_unweighted__ridge_alpha_1,-0.0011576456173044147,0.0009867383801951402,0.012822113295637982,0.1055634807417975,0.1788873038516403,True,0.703703703703704,0.7499999999999976,0.852390300539585,0.7833913675346807,0.738419915107804,0.762175678430215,True,not recommended
smooth_sigmoid_tail_a6_t0p05__ridge_alpha_10,smooth_sigmoid_tail_a6_t0p05,Scheme E: smooth_sigmoid_tail,threshold=-4; alpha=6; temperature=0.05,Ridge,10.0,6270,701,0.14146284703177137,0.18474113188350658,0.41612951286448097,0.6844042345217047,0.6443342466774867,0.11372864773372937,0.29327492942508293,0.9180480096513151,0.5712401055408971,0.6176890156918687,0.5935572309801233,5.109380116606883,0.97,8.676034236804565,-3.6234762344449023,-3.709965388637482,0.13059848385212144,0.16941980053863598,baseline_unweighted__ridge_alpha_1,0.0054099818421610435,0.008188562444108732,0.0019252920025111253,0.16262482168330955,0.26833095577746136,True,1.0,1.0,0.43883767701876963,0.908535340789296,0.24348037406171924,0.7605698926314062,True,not recommended
smooth_sigmoid_tail_a2_t0p05__ridge_alpha_100,smooth_sigmoid_tail_a2_t0p05,Scheme E: smooth_sigmoid_tail,threshold=-4; alpha=2; temperature=0.05,Ridge,100.0,6270,701,0.13311020848065913,0.17429287900001364,0.48030491363030503,0.7032407065071264,0.6578425271524526,0.10655101438274395,0.2756990587292246,0.9452872756187745,0.6351575456053068,0.5463623395149786,0.5874233128834356,5.681081042717937,0.96,8.586590584878744,-3.614148202553105,-3.6645432575002697,0.1446268627787569,0.18055253095623391,baseline_unweighted__ridge_alpha_1,-0.0029426567089511912,-0.0022596904393842043,0.015433572477477009,0.0912981455064194,0.1788873038516403,True,0.6296296296296297,0.7499999999999976,0.9514995514684079,0.6139023539829505,0.8729392032243277,0.7582335512821801,True,not recommended
smooth_sigmoid_tail_a2_t0p1__ridge_alpha_100,smooth_sigmoid_tail_a2_t0p1,Scheme E: smooth_sigmoid_tail,threshold=-4; alpha=2; temperature=0.1,Ridge,100.0,6270,701,0.13262209558453966,0.173937692895242,0.4824208966912815,0.7040843917109882,0.657784731622441,0.10620310044043446,0.2742207926708238,0.9509295681542396,0.6475694444444444,0.5320970042796006,0.5841816758026624,5.792097598668569,0.96,8.586590584878744,-3.612069072836375,-3.6645432575002697,0.1470948155621363,0.1822777149481085,baseline_unweighted__ridge_alpha_1,-0.0034307696050706604,-0.0026148765441558475,0.015375776947465392,0.07703281027104142,0.1788873038516403,True,0.5555555555555558,0.7499999999999976,0.9493061142796053,0.562068831117133,0.9097236241244298,0.7370189800310438,True,not recommended
aggressive_high_tail_step__ridge_alpha_100,aggressive_high_tail_step,Scheme D: aggressive_high_tail_step,,Ridge,100.0,6270,701,0.1333187671151105,0.17538534102849124,0.473769632765919,0.7022181478574603,0.6547021620197035,0.10640088611641163,0.2743164962491933,1.0622573628392855,0.6461538461538462,0.5392296718972895,0.5878693623639192,5.7794359705914635,0.96,8.586590584878744,-3.6102332727778075,-3.661548075655676,0.14370012105483584,0.17862465568503924,baseline_unweighted__ridge_alpha_1,-0.0027340980744998133,-0.0011672284109066067,0.012293207344727941,0.08416547788873036,0.1788873038516403,True,0.5925925925925924,0.7499999999999976,0.8323174336263152,0.6333663764152563,0.8572221249561635,0.7256999100791235,True,not recommended
smooth_sigmoid_tail_a6_t0p2__ridge_alpha_100,smooth_sigmoid_tail_a6_t0p2,Scheme E: smooth_sigmoid_tail,threshold=-4; alpha=6; temperature=0.2,Ridge,100.0,6270,701,0.1343730392641751,0.17737396648251402,0.46176853983820365,0.7026055903536138,0.6546595568660571,0.10710931042532179,0.2792501646405019,1.0854809186759882,0.6533795493934142,0.5378031383737518,0.5899843505477309,5.844065299139383,0.96,8.586590584878744,-3.6124447243218363,-3.676896193896657,0.1415780561344263,0.17515412352818152,baseline_unweighted__ridge_alpha_1,-0.0016798259254352244,0.0008213970431161788,0.012250602191081539,0.08273894436519263,0.1788873038516403,True,0.5851851851851855,0.7499999999999976,0.8307004966690128,0.6779353411521666,0.7777716724424993,0.7182924476692982,True,not recommended
smooth_sigmoid_tail_a4_t0p2__ridge_alpha_100,smooth_sigmoid_tail_a4_t0p2,Scheme E: smooth_sigmoid_tail,threshold=-4; alpha=4; temperature=0.2,Ridge,100.0,6270,701,0.133118975938337,0.1753516568947941,0.47397174671420783,0.7039153797419005,0.6562901899374226,0.10654715331523645,0.2759412400809763,1.0323153997275076,0.6577540106951871,0.5263908701854494,0.5847860538827259,5.883192078543257,0.96,8.586590584878744,-3.611893841723057,-3.6645432575002697,0.14573972818981515,0.17975021412238812,baseline_unweighted__ridge_alpha_1,-0.0029338892512733306,-0.0012009125446037494,0.013881235262447,0.0713266761768902,0.1788873038516403,True,0.5259259259259261,0.7499999999999976,0.8925857535272066,0.5905292428281745,0.8722784834277187,0.7169197911253062,False,not recommended
high_tail_step__ridge_alpha_100,high_tail_step,Scheme C: high_tail_step,,Ridge,100.0,6270,701,0.13207499508022041,0.1731769360982228,0.48693849988460725,0.7046639445629849,0.6573378545802011,0.10544670085115326,0.2743826906734225,0.9796782441422627,0.6600361663652803,0.5206847360912982,0.5821371610845296,5.903604512282892,0.96,8.586590584878744,-3.613071457735891,-3.661548075655676,0.15072323022530923,0.18590052513572805,baseline_unweighted__ridge_alpha_1,-0.003977870109389908,-0.0033756333411750494,0.014928899905225501,0.06562054208273899,0.1788873038516403,True,0.4962962962962965,0.7499999999999976,0.9323463818734131,0.48586254561733144,0.9509533793419842,0.7135657391926534,True,not recommended
smooth_sigmoid_tail_a1_t0p05__ridge_alpha_100,smooth_sigmoid_tail_a1_t0p05,Scheme E: smooth_sigmoid_tail,threshold=-4; alpha=1; temperature=0.05,Ridge,100.0,6270,701,0.13198761811637524,0.17248130406353163,0.49105204070467856,0.7048937498190987,0.658931883432918,0.1062425453873086,0.2757726149381614,0.9018497871376123,0.6586715867158671,0.5092724679029957,0.5744167337087691,5.891399213564175,0.96,8.586590584878744,-3.615046299279007,-3.6645432575002697,0.15474664776874394,0.19082201135013868,baseline_unweighted__ridge_alpha_1,-0.004065247073235079,-0.004071265375866218,0.016522928757942368,0.054208273894436554,0.1788873038516403,True,0.4370370370370372,0.7499999999999976,0.9928424473108388,0.40136015698136007,0.9575381490553152,0.6991624946269277,True,not recommended
smooth_sigmoid_tail_a4_t0p05__ridge_alpha_10,smooth_sigmoid_tail_a4_t0p05,Scheme E: smooth_sigmoid_tail,threshold=-4; alpha=4; temperature=0.05,Ridge,10.0,6270,701,0.13901579627092922,0.18130972989140384,0.4376178275761794,0.6887417071525708,0.647067241284465,0.11164483487677401,0.28748610495897436,0.8976183465792884,0.5985401459854015,0.5848787446504993,0.5916305916305917,5.353561648114789,0.96,8.586590584878744,-3.6255052178222833,-3.709965388637482,0.1357322992031386,0.17442715421930552,baseline_unweighted__ridge_alpha_1,0.002962931081318898,0.0047571604520059985,0.004658286609489415,0.12981455064194009,0.1788873038516403,True,0.8296296296296296,0.7499999999999976,0.542559400939947,0.800711667185034,0.4278912877383393,0.6877097308339022,False,not recommended
smooth_sigmoid_tail_a2_t0p2__ridge_alpha_100,smooth_sigmoid_tail_a2_t0p2,Scheme E: smooth_sigmoid_tail,threshold=-4; alpha=2; temperature=0.2,Ridge,100.0,6270,701,0.1318595219287921,0.1730325034733585,0.4877939477209883,0.7052354687002963,0.6580181389543228,0.10501155310590526,0.2735773183457189,0.9587766119676209,0.6635160680529301,0.5007132667617689,0.5707317073170732,5.934730023811515,0.96,8.586590584878744,-3.614099566176186,-3.6645432575002697,0.1534378248683192,0.18811118460127416,baseline_unweighted__ridge_alpha_1,-0.004193343260818216,-0.0035200659660393485,0.01560918427934721,0.045649072753209674,0.1788873038516403,True,0.39259259259259244,0.7499999999999976,0.958164313551865,0.42884889266275183,0.9671915389108524,0.6866870755945611,True,not recommended
recall_focused_near_threshold__ridge_alpha_100,recall_focused_near_threshold,Scheme F: recall_focused_near_threshold,,Ridge,100.0,6270,701,0.13667798337397163,0.1807468576271987,0.4411042148378903,0.7009101395032862,0.6522278194194384,0.10813789167964938,0.2843743492471349,1.0878492075134325,0.6453287197231834,0.5320970042796006,0.583268178264269,5.772055738465563,0.96,8.586590584878744,-3.610463577296988,-3.676896193896657,0.13910300553711663,0.17199450965915475,baseline_unweighted__ridge_alpha_1,0.0006251181843613118,0.004194288187800849,0.009818864744462807,0.07703281027104142,0.1788873038516403,True,0.5555555555555558,0.7499999999999976,0.7384119866796549,0.7299179368459285,0.6040699838372164,0.6741694743272911,False,not recommended
smooth_sigmoid_tail_a6_t0p1__ridge_alpha_10,smooth_sigmoid_tail_a6_t0p1,Scheme E: smooth_sigmoid_tail,threshold=-4; alpha=6; temperature=0.1,Ridge,10.0,6270,701,0.1395270430495501,0.1830133535885847,0.42699965732211675,0.6881854125116706,0.6445712191776786,0.11202952748967032,0.2892626454757707,0.9365240440127529,0.593841642228739,0.5777460770328102,0.5856832971800434,5.311536514656482,0.96,8.586590584878744,-3.6239313386231853,-3.6991057637908638,0.13316664988937446,0.16984066902630027,baseline_unweighted__ridge_alpha_1,0.003474177859939781,0.0064607841491868545,0.0021622645027029597,0.12268188302425104,0.1788873038516403,True,0.7925925925925924,0.7499999999999976,0.44783118040112146,0.8545970750689565,0.38936348640770413,0.6618084684498708,False,not recommended
smooth_sigmoid_tail_a4_t0p1__ridge_alpha_10,smooth_sigmoid_tail_a4_t0p1,Scheme E: smooth_sigmoid_tail,threshold=-4; alpha=4; temperature=0.1,Ridge,10.0,6270,701,0.13757583644228463,0.18004888944151234,0.4454123206365863,0.6912063343846361,0.6471749674026787,0.11094969162917412,0.2850196941778969,0.89796905196593,0.6059190031152648,0.5549215406562055,0.5793000744601638,5.419560840988175,0.96,8.586590584878744,-3.621868703254587,-3.688246138944246,0.13816427251909255,0.17513126193211706,baseline_unweighted__ridge_alpha_1,0.00152297125267431,0.0034963200021145002,0.004766012727703051,0.09985734664764628,0.1788873038516403,True,0.6740740740740744,0.7499999999999976,0.5466477875997395,0.7496338081066506,0.5364073479309736,0.6582542494441095,False,not recommended
smooth_sigmoid_tail_a6_t0p2__ridge_alpha_10,smooth_sigmoid_tail_a6_t0p2,Scheme E: smooth_sigmoid_tail,threshold=-4; alpha=6; temperature=0.2,Ridge,10.0,6270,701,0.1363480919494898,0.17906939301872477,0.45143000899334484,0.6933743387109741,0.6465093079008382,0.10931070968157464,0.28229500310127287,0.9532732337288268,0.631578947368421,0.5306704707560628,0.5767441860465116,5.6490727532097,0.96,8.586590584878744,-3.6262197525378266,-3.6991057637908638,0.1421234674833254,0.17775077028743258,baseline_unweighted__ridge_alpha_1,0.00029522675987947444,0.002516823579326921,0.004100353225862552,0.07560627674750359,0.1788873038516403,True,0.5481481481481483,0.7499999999999976,0.5213848943254107,0.666480263156012,0.6289307590921772,0.623125669239347,False,not recommended
smooth_sigmoid_tail_a1_t0p1__ridge_alpha_100,smooth_sigmoid_tail_a1_t0p1,Scheme E: smooth_sigmoid_tail,threshold=-4; alpha=1; temperature=0.1,Ridge,100.0,6270,701,0.13174742984446938,0.17231357287526153,0.49204142258246186,0.7051926668557474,0.6587955375064452,0.1048457238647611,0.2734361498424727,0.9047765112841821,0.6635160680529301,0.5007132667617689,0.5707317073170732,5.934730023811515,0.95,8.497146932952925,-3.618801265376365,-3.676896193896657,0.15647382551588393,0.19205711979259843,baseline_unweighted__ridge_alpha_1,-0.00430543534514094,-0.004238996564136316,0.016386582831469543,0.045649072753209674,0.08944365192582104,True,0.39259259259259244,0.5,0.9876678909808402,0.3650848652283621,0.9756388519035573,0.6217902839141041,True,not recommended
aggressive_high_tail_step__ridge_alpha_10,aggressive_high_tail_step,Scheme D: aggressive_high_tail_step,,Ridge,10.0,6270,701,0.13571514317322608,0.17760692094633684,0.46035383665498275,0.6929124766382169,0.6461189418579615,0.10836633475554369,0.28078567879125604,0.9204797929837856,0.6294416243654822,0.5306704707560628,0.5758513931888545,5.629955755736909,0.96,8.586590584878744,-3.6313220958538794,-3.709965388637482,0.1444249849269038,0.1815396964068125,baseline_unweighted__ridge_alpha_1,-0.0003377220163842398,0.0010543515069389997,0.0037099871829858744,0.07560627674750359,0.1788873038516403,True,0.5481481481481483,0.7499999999999976,0.5065698490179398,0.6181423217491895,0.6766300810715546,0.620066867263736,False,not recommended
smooth_sigmoid_tail_a4_t0p2__ridge_alpha_10,smooth_sigmoid_tail_a4_t0p2,Scheme E: smooth_sigmoid_tail,threshold=-4; alpha=4; temperature=0.2,Ridge,10.0,6270,701,0.1353684390845131,0.17740944238566497,0.4615532189879499,0.6947255967133084,0.6481242633743441,0.10891118451895476,0.2803771987667959,0.9070048407646594,0.6384479717813051,0.5164051355206848,0.5709779179810726,5.710511816075297,0.96,8.586590584878744,-3.6188428011326232,-3.688246138944246,0.14570657550480395,0.18171644031004344,baseline_unweighted__ridge_alpha_1,-0.0006844261050972245,0.0008568729462671287,0.005715308699368538,0.0613409415121256,0.1788873038516403,True,0.4740740740740744,0.7499999999999976,0.582675160080155,0.5912255367233268,0.7027578667301481,0.6166510610525703,False,not recommended
smooth_sigmoid_tail_a2_t0p05__ridge_alpha_10,smooth_sigmoid_tail_a2_t0p05,Scheme E: smooth_sigmoid_tail,threshold=-4; alpha=2; temperature=0.05,Ridge,10.0,6270,701,0.1363008944387188,0.17751399269046517,0.4609184008854287,0.693410655813014,0.649745222825548,0.11031001281705466,0.2791231401645347,0.8714188123165219,0.6131621187800963,0.5449358059914408,0.5770392749244713,5.484345912626539,0.95,8.497146932952925,-3.627676670274809,-3.6991057637908638,0.1450095824507658,0.18335240322034005,baseline_unweighted__ridge_alpha_1,0.0002480292491084668,0.0009614232510673226,0.0073362681505724225,0.08987161198288157,0.08944365192582104,True,0.6222222222222221,0.5,0.6441932868469994,0.6058642306428805,0.6324875860382387,0.5951469854271234,False,not recommended
smooth_sigmoid_tail_a1_t0p2__ridge_alpha_100,smooth_sigmoid_tail_a1_t0p2,Scheme E: smooth_sigmoid_tail,threshold=-4; alpha=1; temperature=0.2,Ridge,100.0,6270,701,0.13142416825004485,0.17195145257810507,0.4941741487395994,0.7056354401825349,0.6587847839224535,0.1039107070472034,0.27287271146415826,0.9098121016029399,0.6829268292682927,0.4793152639087018,0.5632858340318525,6.108346960787726,0.95,8.497146932952925,-3.6227566933057016,-3.688246138944246,0.1605418209639742,0.19572171656437828,baseline_unweighted__ridge_alpha_1,-0.004628696939565469,-0.0046011168612927755,0.016375829247477935,0.02425106990014264,0.08944365192582104,True,0.2814814814814814,0.5,0.9872597744528775,0.2796462229266661,1.0,0.5847692586999458,True,not recommended
recall_focused_near_threshold__ridge_alpha_10,recall_focused_near_threshold,Scheme F: recall_focused_near_threshold,,Ridge,10.0,6270,701,0.13832803777364777,0.18198710673234558,0.4334078354473816,0.6908335510886263,0.6428772675643062,0.11058608209594323,0.28578596609727636,0.9441514211713784,0.6311336717428088,0.5320970042796006,0.5773993808049536,5.645090045402869,0.96,8.586590584878744,-3.625585589025608,-3.6914473847488107,0.1395219452392565,0.17474916571384844,baseline_unweighted__ridge_alpha_1,0.0022751725840374493,0.005434537292947739,0.0004683128893305799,0.07703281027104142,0.1788873038516403,True,0.5555555555555558,0.7499999999999976,0.3835428787962004,0.7211190972666189,0.47972109646240635,0.5832234937074823,False,not recommended
smooth_sigmoid_tail_a6_t0p1__ridge_alpha_1,smooth_sigmoid_tail_a6_t0p1,Scheme E: smooth_sigmoid_tail,threshold=-4; alpha=6; temperature=0.1,Ridge,1.0,6270,701,0.14176562493909137,0.1854132983878398,0.4118730471290658,0.6791190254111972,0.6361968632953063,0.11355169117003117,0.29353373895597945,0.9064099261680489,0.5768688293370945,0.5834522111269614,0.5801418439716312,5.159725477808249,0.96,8.586590584878744,-3.627207640894922,-3.709965388637482,0.13518120264589362,0.17354348089648755,baseline_unweighted__ridge_alpha_1,0.0057127597494810445,0.008860728948441948,-0.006212091379669271,0.12838801711840225,0.1788873038516403,True,0.8222222222222221,0.7499999999999976,0.13001034510519566,0.8122861495631432,0.2206628864053697,0.5739999799718709,False,not recommended
smooth_sigmoid_tail_a2_t0p1__ridge_alpha_10,smooth_sigmoid_tail_a2_t0p1,Scheme E: smooth_sigmoid_tail,threshold=-4; alpha=2; temperature=0.1,Ridge,10.0,6270,701,0.1355443598517369,0.17682549426545685,0.4650920105210804,0.6944411445911346,0.6496244721006137,0.1094359890463843,0.27860858940496186,0.8725673243113388,0.6252129471890971,0.5235378031383737,0.5698757763975155,5.5921329227897845,0.95,8.497146932952925,-3.6254410169664983,-3.6991057637908638,0.14705839263842735,0.18430629152053374,baseline_unweighted__ridge_alpha_1,-0.0005085053378734161,0.0002729248260590067,0.007215517425638085,0.06847360912981454,0.08944365192582104,True,0.5111111111111111,0.5,0.6396105945420303,0.562833808657069,0.6895003937191387,0.568550027042615,False,not recommended
recall_focused_near_threshold__ridge_alpha_1,recall_focused_near_threshold,Scheme F: recall_focused_near_threshold,,Ridge,1.0,6270,701,0.14012385896219545,0.18382568840181496,0.421901656050104,0.682381392893349,0.6344554689514464,0.11245851561790676,0.29035103466871887,0.9199366204218622,0.615257048092869,0.5292439372325249,0.5690184049079754,5.503083725452623,0.97,8.676034236804565,-3.6164197527675275,-3.6914473847488107,0.14082231927404493,0.17742294562650623,baseline_unweighted__ridge_alpha_1,0.00407099377258513,0.007273118962417113,-0.007953485723529163,0.07417974322396576,0.26833095577746136,True,0.5407407407407407,1.0,0.06392151239745865,0.6938078100652387,0.34438715428217115,0.5536987323167883,True,not recommended
high_tail_step__ridge_alpha_10,high_tail_step,Scheme C: high_tail_step,,Ridge,10.0,6270,701,0.13466773512408042,0.17572285040165833,0.47174234162114226,0.6955816357847671,0.6491508194915462,0.10853124807800096,0.2782857728491531,0.8598507654908163,0.6463195691202872,0.5135520684736091,0.5723370429252782,5.780918257324109,0.95,8.497146932952925,-3.6273702313311302,-3.6991057637908638,0.15030573276503334,0.1875726302095808,baseline_unweighted__ridge_alpha_1,-0.0013851300655298993,-0.0008297190377395125,0.006741864816570575,0.05848787446504994,0.08944365192582104,True,0.4592592592592593,0.5,0.621634684517618,0.4946310943105518,0.7555632517380774,0.5516709036256328,False,not recommended
smooth_sigmoid_tail_a1_t0p05__ridge_alpha_10,smooth_sigmoid_tail_a1_t0p05,Scheme E: smooth_sigmoid_tail,threshold=-4; alpha=1; temperature=0.05,Ridge,10.0,6270,701,0.1349799106451295,0.17562690520234595,0.4723190446447564,0.6954264364893916,0.6506726982067709,0.10993147541412807,0.27705136418184845,0.8597009596236562,0.644927536231884,0.5078459343794579,0.5682362330407023,5.768467406810147,0.95,8.497146932952925,-3.6237879388527774,-3.688246138944246,0.1535666789493877,0.19158594565643003,baseline_unweighted__ridge_alpha_1,-0.0010729545444808086,-0.0009256642370518986,0.008263743531795265,0.05278174037089872,0.08944365192582104,True,0.42962962962962964,0.5,0.6793925313640774,0.4261426168367321,0.7320375554242315,0.5420129395193675,False,not recommended
smooth_sigmoid_tail_a6_t0p2__ridge_alpha_1,smooth_sigmoid_tail_a6_t0p2,Scheme E: smooth_sigmoid_tail,threshold=-4; alpha=6; temperature=0.2,Ridge,1.0,6270,701,0.1382148346789573,0.1810277326105412,0.43936585194403177,0.6854444149301362,0.6387359086227433,0.11088352069494478,0.28701956468057827,0.9267921277838109,0.62,0.5306704707560628,0.5718677940046117,5.545506419400856,0.96,8.586590584878744,-3.6271114780145464,-3.709965388637482,0.14340639954335083,0.18025354235875707,baseline_unweighted__ridge_alpha_1,0.0021619694893469654,0.004475163171143354,-0.003673046052232287,0.07560627674750359,0.1788873038516403,True,0.5481481481481483,0.7499999999999976,0.22637136894451798,0.6395353034645388,0.48825213572687537,0.5389794267046522,False,not recommended
recall_focused_near_threshold__ridge_alpha_0p1,recall_focused_near_threshold,Scheme F: recall_focused_near_threshold,,Ridge,0.1,6270,701,0.14045523825578055,0.1841787429701768,0.4196789388665725,0.680861459172805,0.6329384046642001,0.11251354324275242,0.29126649645361385,0.9215566839403193,0.6122112211221122,0.5292439372325249,0.5677123182861515,5.475840736712759,0.97,8.676034236804565,-3.6164197527675284,-3.6914473847488107,0.14106036801645638,0.17788358546770427,baseline_unweighted__ridge_alpha_1,0.004402373066170223,0.007626173530778962,-0.009470550010775458,0.07417974322396576,0.26833095577746136,True,0.5407407407407407,1.0,0.006346381158391434,0.6888081581204931,0.3194142525012088,0.5376878230101187,False,not recommended
recall_focused_near_threshold__ridge_alpha_0p01,recall_focused_near_threshold,Scheme F: recall_focused_near_threshold,,Ridge,0.01,6270,701,0.1404910937785437,0.18421739218450486,0.41943535694148504,0.6806964625689266,0.6327711819761845,0.1124640049020198,0.29134207992617644,0.9217269976201949,0.6101973684210527,0.5292439372325249,0.5668449197860962,5.457828102710414,0.97,8.676034236804565,-3.619741136368187,-3.702307009595429,0.14108655002393133,0.17793322156962385,baseline_unweighted__ridge_alpha_1,0.0044382285889333906,0.0076648227451070194,-0.00963777269879107,0.07417974322396576,0.26833095577746136,True,0.5407407407407407,1.0,0.0,0.6882582668534213,0.3167121631866279,0.5359307496911926,False,not recommended
aggressive_high_tail_step__ridge_alpha_1,aggressive_high_tail_step,Scheme D: aggressive_high_tail_step,,Ridge,1.0,6270,701,0.13773890654195398,0.17975798626270034,0.44720295637627483,0.6850225839041064,0.6380543149869062,0.11066794403824565,0.28285487092317996,0.8917164635625867,0.6254180602006689,0.5335235378031383,0.5758275596612779,5.593967528471033,0.96,8.586590584878744,-3.6311810756000993,-3.718966632752272,0.1456568451793291,0.1840246379520631,baseline_unweighted__ridge_alpha_1,0.0016860413523436535,0.0032054168233024982,-0.004354639688069373,0.07845934379457914,0.1788873038516403,True,0.5629629629629628,0.7499999999999976,0.2005037485905612,0.5922700048266007,0.5241183073623946,0.5357997372872016,False,not recommended
smooth_sigmoid_tail_a4_t0p2__ridge_alpha_1,smooth_sigmoid_tail_a4_t0p2,Scheme E: smooth_sigmoid_tail,threshold=-4; alpha=4; temperature=0.2,Ridge,1.0,6270,701,0.13729172242212193,0.17945987618953232,0.4490349497504522,0.6869848152076365,0.6405102597666703,0.11010182701451265,0.2846213589551149,0.8849052823545378,0.6247848537005164,0.5178316690442225,0.5663026521060842,5.588303898291352,0.96,8.586590584878744,-3.630002239833491,-3.709965388637482,0.1468294165158766,0.18403144445568795,baseline_unweighted__ridge_alpha_1,0.0012388572325116032,0.0029073067501344807,-0.0018986949083052984,0.06276747503566332,0.1788873038516403,True,0.4814814814814814,0.7499999999999976,0.2937109674273343,0.5676429116366277,0.5578183161401133,0.5354317480223478,False,not recommended
smooth_sigmoid_tail_a2_t0p2__ridge_alpha_10,smooth_sigmoid_tail_a2_t0p2,Scheme E: smooth_sigmoid_tail,threshold=-4; alpha=2; temperature=0.2,Ridge,10.0,6270,701,0.13438867901543583,0.17553367033596814,0.4728791547758482,0.6960537159566977,0.6497904739842935,0.10868775783265994,0.2770193614369648,0.8649395706938536,0.6517690875232774,0.4992867332382311,0.5654281098546042,5.829660740044151,0.95,8.497146932952925,-3.6241854924716783,-3.688246138944246,0.1523453055793184,0.18891395538860714,baseline_unweighted__ridge_alpha_1,-0.0016641861741744923,-0.001018899103429699,0.007381519309317852,0.0442225392296719,0.08944365192582104,True,0.3851851851851852,0.5,0.6459106441306628,0.45179468154864183,0.7765930533203222,0.5347365853527735,False,not recommended
smooth_sigmoid_tail_a1_t0p1__ridge_alpha_10,smooth_sigmoid_tail_a1_t0p1,Scheme E: smooth_sigmoid_tail,threshold=-4; alpha=1; temperature=0.1,Ridge,10.0,6270,701,0.13459715661012742,0.1752850978794403,0.47437100473538163,0.6957714758132412,0.65044280224826,0.1093443606549287,0.2765623904926656,0.8589207646670118,0.6548507462686567,0.5007132667617689,0.5675020210185933,5.8572242212617365,0.95,8.497146932952925,-3.62511629102732,-3.688246138944246,0.15502700184332102,0.19246404229202102,baseline_unweighted__ridge_alpha_1,-0.001455708579482906,-0.0012674715599575448,0.008033847573284403,0.045649072753209674,0.08944365192582104,True,0.39259259259259244,0.5,0.6706675945938501,0.395471981391867,0.7608820822471482,0.5307347766127704,False,not recommended
smooth_sigmoid_tail_a6_t0p2__ridge_alpha_0p1,smooth_sigmoid_tail_a6_t0p2,Scheme E: smooth_sigmoid_tail,threshold=-4; alpha=6; temperature=0.2,Ridge,0.1,6270,701,0.13855439961705493,0.18138825177187928,0.4371306075241823,0.6840423138027325,0.6373120450168712,0.11064610483087156,0.28723971886047295,0.9235332137150918,0.6189683860232945,0.5306704707560628,0.5714285714285715,5.5362792872554305,0.96,8.586590584878744,-3.6271114780145464,-3.709965388637482,0.14362993867387192,0.18068147311176008,baseline_unweighted__ridge_alpha_1,0.002501534427444607,0.004835682332481439,-0.005096909658104387,0.07560627674750359,0.1788873038516403,True,0.5481481481481483,0.7499999999999976,0.17233335970271954,0.6348403916691017,0.4626623598672276,0.5236291217080298,False,not recommended
smooth_sigmoid_tail_a6_t0p2__ridge_alpha_0p01,smooth_sigmoid_tail_a6_t0p2,Scheme E: smooth_sigmoid_tail,threshold=-4; alpha=6; temperature=0.2,Ridge,0.01,6270,701,0.13859112609494315,0.18142745688761439,0.43688726492320185,0.6838906386559036,0.6371586865991173,0.11077611742540716,0.2873899582221837,0.9231967785341864,0.6189683860232945,0.5306704707560628,0.5714285714285715,5.5362792872554305,0.96,8.586590584878744,-3.6271114780145455,-3.709965388637482,0.1436539233556156,0.18072751934506215,baseline_unweighted__ridge_alpha_1,0.002538260905332823,0.004874887448216542,-0.0052502680758582665,0.07560627674750359,0.1788873038516403,True,0.5481481481481483,0.7499999999999976,0.16651315082757528,0.6343366500424532,0.45989463495858723,0.5219743599527076,False,not recommended
aggressive_high_tail_step__ridge_alpha_0p1,aggressive_high_tail_step,Scheme D: aggressive_high_tail_step,,Ridge,0.1,6270,701,0.13809778842771725,0.1801454682347779,0.444817195898483,0.6836358790616096,0.6366305825822658,0.11078133295950354,0.28353614960518403,0.8983423265769317,0.6181818181818182,0.5335235378031383,0.5727411944869831,5.529243937232525,0.96,8.586590584878744,-3.631181075600099,-3.718966632752272,0.14587767556203815,0.1844418587315366,baseline_unweighted__ridge_alpha_1,0.002044923238106927,0.0035928987953800506,-0.005778372092709816,0.07845934379457914,0.1788873038516403,True,0.5629629629629628,0.7499999999999976,0.1464707186553056,0.5876319838852342,0.4970727971038263,0.5202406016201603,False,not recommended
aggressive_high_tail_step__ridge_alpha_0p01,aggressive_high_tail_step,Scheme D: aggressive_high_tail_step,,Ridge,0.01,6270,701,0.13813750369832264,0.18018747693390222,0.44455823599313327,0.6834860487007586,0.6364710319532101,0.11086426589761222,0.28339667888631637,0.899051079340087,0.6181818181818182,0.5335235378031383,0.5727411944869831,5.529243937232525,0.96,8.586590584878744,-3.631181075600099,-3.718966632752272,0.14590330038672256,0.18448665069555564,baseline_unweighted__ridge_alpha_1,0.002084638508712322,0.0036349074945043747,-0.005937922721765521,0.07845934379457914,0.1788873038516403,True,0.5629629629629628,0.7499999999999976,0.14041550498744435,0.587093794927505,0.49407983534902616,0.5184998862797086,False,not recommended
smooth_sigmoid_tail_a1_t0p2__ridge_alpha_10,smooth_sigmoid_tail_a1_t0p2,Scheme E: smooth_sigmoid_tail,threshold=-4; alpha=1; temperature=0.2,Ridge,10.0,6270,701,0.13403389663635523,0.17467287790351016,0.47803633164239945,0.6964133285475227,0.6503466639250602,0.10869576870342934,0.27638872132022047,0.8674002659603697,0.6653620352250489,0.48502139800285304,0.561056105610561,5.951241028332463,0.95,8.497146932952925,-3.6233724430749032,-3.688246138944246,0.15857365124529021,0.1954693103443834,baseline_unweighted__ridge_alpha_1,-0.0020189685532550905,-0.0018796915358876842,0.007937709250084635,0.029957203994293857,0.08944365192582104,True,0.31111111111111106,0.5,0.6670189841678689,0.3209829822051488,0.8033296227979827,0.5048284653618212,False,not recommended
smooth_sigmoid_tail_a6_t0p1__ridge_alpha_0p1,smooth_sigmoid_tail_a6_t0p1,Scheme E: smooth_sigmoid_tail,threshold=-4; alpha=6; temperature=0.1,Ridge,0.1,6270,701,0.14218088658541048,0.1858678502392105,0.40898585521215236,0.6774760094116116,0.6346234709114899,0.11373908099688945,0.294557542375124,0.9048730578970439,0.5738396624472574,0.5820256776034237,0.5779036827195467,5.132631502916268,0.95,8.497146932952925,-3.6313922576530877,-3.714466010694877,0.13556398489616647,0.17416472889824747,baseline_unweighted__ridge_alpha_1,0.006128021395800154,0.00931528079981267,-0.0077854837634857565,0.12696148359486453,0.08944365192582104,True,0.8148148148148151,0.5,0.07029746823481949,0.8042467119143488,0.1893685704729082,0.49180548970875626,False,not recommended
smooth_sigmoid_tail_a6_t0p1__ridge_alpha_0p01,smooth_sigmoid_tail_a6_t0p1,Scheme E: smooth_sigmoid_tail,threshold=-4; alpha=6; temperature=0.1,Ridge,0.01,6270,701,0.14222642479588862,0.185917551967542,0.4086697343570437,0.6772974039760903,0.6344547975127129,0.11383053396901666,0.29443855552774245,0.9047108916631661,0.5732394366197183,0.5805991440798859,0.5768958185683912,5.127262863916739,0.95,8.497146932952925,-3.6313922576530877,-3.714466010694877,0.13560479684529314,0.17423152067182363,baseline_unweighted__ridge_alpha_1,0.0061735596062783005,0.009364982528144161,-0.007954157162262665,0.1255349500713267,0.08944365192582104,True,0.8074074074074076,0.5,0.06389603017266084,0.8033895532553573,0.18593678918914636,0.4880300092530596,False,not recommended
smooth_sigmoid_tail_a2_t0p1__ridge_alpha_1,smooth_sigmoid_tail_a2_t0p1,Scheme E: smooth_sigmoid_tail,threshold=-4; alpha=2; temperature=0.1,Ridge,1.0,6270,701,0.13766513432285002,0.17921940360887934,0.4505105243692633,0.6865845857163206,0.6420658765986844,0.11096863112157407,0.28203796595334835,0.8660198116651592,0.6203389830508474,0.5221112696148359,0.5670023237800155,5.548538407601732,0.95,8.497146932952925,-3.6320811718613397,-3.714466010694877,0.14815183714468136,0.18676686687303468,baseline_unweighted__ridge_alpha_1,0.0016122691332396966,0.002666834169481491,-0.00034307807629119225,0.06704707560627671,0.08944365192582104,True,0.5037037037037035,0.5,0.35274923232742506,0.5398685877666553,0.5296778170164692,0.4819077331088796,False,not recommended
high_tail_step__ridge_alpha_1,high_tail_step,Scheme C: high_tail_step,,Ridge,1.0,6270,701,0.1366449816220097,0.17792178262857272,0.4584387703992284,0.6880295564283624,0.641416882525572,0.11055984200601321,0.2803081959821261,0.9008467230097477,0.6330434782608696,0.5192582025677603,0.5705329153605015,5.662172052347579,0.95,8.497146932952925,-3.633620987053332,-3.718966632752272,0.15113240726499472,0.18972682708967786,baseline_unweighted__ridge_alpha_1,0.00059211643239937,0.0013692131891748782,-0.0009920721494035556,0.06419400855920115,0.08944365192582104,True,0.48888888888888893,0.5,0.32811881999292475,0.47726874771911426,0.6065570116216897,0.4754198501219278,False,not recommended
smooth_sigmoid_tail_a2_t0p1__ridge_alpha_0p1,smooth_sigmoid_tail_a2_t0p1,Scheme E: smooth_sigmoid_tail,threshold=-4; alpha=2; temperature=0.1,Ridge,0.1,6270,701,0.13803279828821047,0.17964237917267709,0.4479137643764727,0.6852111639349455,0.640689092765681,0.1116434815482914,0.2824951190671075,0.8746262115239012,0.6209813874788495,0.5235378031383737,0.5681114551083591,5.554284307407113,0.95,8.497146932952925,-3.6320811718613397,-3.714466010694877,0.1483897983046538,0.18719663892169885,baseline_unweighted__ridge_alpha_1,0.001979933098600145,0.003089809733279242,-0.0017198619092946288,0.06847360912981454,0.08944365192582104,True,0.5111111111111111,0.5,0.3004979793387443,0.5348707752843119,0.5019704850464712,0.4684035626951441,False,not recommended
smooth_sigmoid_tail_a2_t0p1__ridge_alpha_0p01,smooth_sigmoid_tail_a2_t0p1,Scheme E: smooth_sigmoid_tail,threshold=-4; alpha=2; temperature=0.1,Ridge,0.01,6270,701,0.1380726385778648,0.17968812299748602,0.4476325640100135,0.6850628769521311,0.6405382983705125,0.1117180559741282,0.28265388827562865,0.87555143914182,0.6209813874788495,0.5235378031383737,0.5681114551083591,5.554284307407113,0.95,8.497146932952925,-3.63208117186134,-3.714466010694877,0.14841663214652914,0.1872429909012954,baseline_unweighted__ridge_alpha_1,0.0020197733882544866,0.003135553558088172,-0.0018706563044631475,0.06847360912981454,0.08944365192582104,True,0.5111111111111111,0.5,0.29477507941622194,0.5343071937742478,0.49896810179645235,0.4667240879966272,False,not recommended
high_tail_step__ridge_alpha_0p1,high_tail_step,Scheme C: high_tail_step,,Ridge,0.1,6270,701,0.13699662733806253,0.17831026729941393,0.4560712365334135,0.6867131414620503,0.6400451469216286,0.11097082434335448,0.28009226416359445,0.9080832573101985,0.6321243523316062,0.5221112696148359,0.5718749999999999,5.653951054378275,0.95,8.497146932952925,-3.633620987053332,-3.718966632752272,0.1513172634242936,0.19010134169031825,baseline_unweighted__ridge_alpha_1,0.0009437621484522096,0.0017576978600160886,-0.0023638077533469914,0.06704707560627671,0.08944365192582104,True,0.5037037037037035,0.5,0.27605915575437,0.4733862804270189,0.5800568225673947,0.46415422252596195,False,not recommended
high_tail_step__ridge_alpha_0p01,high_tail_step,Scheme C: high_tail_step,,Ridge,0.01,6270,701,0.1370347507953258,0.1783522627918734,0.45581499502179423,0.6865711209091544,0.6398793012380051,0.11103428119358272,0.2799793406159457,0.9088567589699972,0.6321243523316062,0.5221112696148359,0.5718749999999999,5.653951054378275,0.95,8.497146932952925,-3.633620987053332,-3.718966632752272,0.1513373828021978,0.19014170039075476,baseline_unweighted__ridge_alpha_1,0.0009818856057154657,0.0017996933524755676,-0.002529653436970536,0.06704707560627671,0.08944365192582104,True,0.5037037037037035,0.5,0.2697650342195532,0.47296372038386647,0.5771838206260662,0.4624010639213264,False,not recommended
smooth_sigmoid_tail_a4_t0p05__ridge_alpha_1,smooth_sigmoid_tail_a4_t0p05,Scheme E: smooth_sigmoid_tail,threshold=-4; alpha=4; temperature=0.05,Ridge,1.0,6270,701,0.14152870421960306,0.18411517614453185,0.4200794498182203,0.6797724531207057,0.6388087714336418,0.11318051731210321,0.2908874848004145,0.8852819021831246,0.5714285714285714,0.5820256776034237,0.576678445229682,5.111065824332586,0.94,8.407703281027104,-3.6497343473863157,-3.7270373353220783,0.13795785781096978,0.17838852554622928,baseline_unweighted__ridge_alpha_1,0.005475839029992741,0.007562606705134006,-0.003600183241333821,0.12696148359486453,0.0,True,0.8148148148148151,0.24999999999999753,0.22913663468519485,0.7539690618300512,0.23851734494333818,0.4609039916567505,False,not recommended
smooth_sigmoid_tail_a1_t0p05__ridge_alpha_1,smooth_sigmoid_tail_a1_t0p05,Scheme E: smooth_sigmoid_tail,threshold=-4; alpha=1; temperature=0.05,Ridge,1.0,6270,701,0.13706002161970787,0.17805188395609028,0.45764647173606965,0.6878300869844534,0.6430974181192729,0.11099865551920773,0.2824484988974777,0.9009075493816776,0.6368515205724508,0.5078459343794579,0.5650793650793651,5.696232573451165,0.95,8.497146932952925,-3.631047075904005,-3.709965388637482,0.1543651786149856,0.19367076778022768,baseline_unweighted__ridge_alpha_1,0.00100715643009755,0.0014993145166924404,0.0006884634442972937,0.05278174037089872,0.08944365192582104,True,0.42962962962962964,0.5,0.3918979611754511,0.4093720161372963,0.5752793992351272,0.45848471194836116,False,not recommended
smooth_sigmoid_tail_a4_t0p2__ridge_alpha_0p1,smooth_sigmoid_tail_a4_t0p2,Scheme E: smooth_sigmoid_tail,threshold=-4; alpha=4; temperature=0.2,Ridge,0.1,6270,701,0.13763439871756664,0.1798298747685169,0.44676072067215555,0.6856262869882215,0.639110240146859,0.11065129874050017,0.28529906533236205,0.8823081855994399,0.6215753424657534,0.5178316690442225,0.5649805447470817,5.5595968577179375,0.95,8.497146932952925,-3.633934071593409,-3.714466010694877,0.14703070488556141,0.18443317363070913,baseline_unweighted__ridge_alpha_1,0.0015815335279563136,0.0032773053291190457,-0.0032987145281165864,0.06276747503566332,0.08944365192582104,True,0.4814814814814814,0.5,0.24057787740237777,0.5634153245519211,0.5319940669052791,0.45779735456942594,False,not recommended
smooth_sigmoid_tail_a4_t0p2__ridge_alpha_0p01,smooth_sigmoid_tail_a4_t0p2,Scheme E: smooth_sigmoid_tail,threshold=-4; alpha=4; temperature=0.2,Ridge,0.01,6270,701,0.1376716335933286,0.17986999557780287,0.44651383306573955,0.6854795228333654,0.6389659781612137,0.11064439854501229,0.28518220574854874,0.8820414203622793,0.6215753424657534,0.5178316690442225,0.5649805447470817,5.5595968577179375,0.95,8.497146932952925,-3.6339340715934094,-3.714466010694877,0.1470524971340518,0.1844764643441797,baseline_unweighted__ridge_alpha_1,0.0016187684037182737,0.003317426138405022,-0.0034429765137619084,0.06276747503566332,0.08944365192582104,True,0.4814814814814814,0.5,0.2351028933650076,0.5629576298107448,0.5291880288901397,0.45621279784850455,False,not recommended
smooth_sigmoid_tail_a1_t0p1__ridge_alpha_1,smooth_sigmoid_tail_a1_t0p1,Scheme E: smooth_sigmoid_tail,threshold=-4; alpha=1; temperature=0.1,Ridge,1.0,6270,701,0.13664306485866645,0.17761973718532095,0.4602759513597523,0.6882282127310121,0.6429150504763202,0.1107391821408279,0.2803911481377232,0.8970721461096867,0.6458715596330276,0.5021398002853067,0.565008025682183,5.776911096860318,0.95,8.497146932952925,-3.6310470759040046,-3.709965388637482,0.15580826634594702,0.19440163543814862,baseline_unweighted__ridge_alpha_1,0.0005901996690561295,0.0010671677459231088,0.0005060958013446415,0.047075606276747506,0.08944365192582104,True,0.4,0.5,0.38497680360485326,0.37906336460882434,0.6067014598223912,0.449860084385653,False,not recommended
smooth_sigmoid_tail_a2_t0p2__ridge_alpha_1,smooth_sigmoid_tail_a2_t0p2,Scheme E: smooth_sigmoid_tail,threshold=-4; alpha=2; temperature=0.2,Ridge,1.0,6270,701,0.136351809421132,0.17768784300719836,0.4598619726235861,0.6885378221075497,0.642291604617809,0.11004270698203067,0.2804425945159248,0.8920718430876287,0.6420664206642066,0.4964336661911555,0.5599356395816573,5.742876544314658,0.95,8.497146932952925,-3.631711687228943,-3.714466010694877,0.15318181510873963,0.1908970330462088,baseline_unweighted__ridge_alpha_1,0.00029894423152168614,0.001135273567800521,-0.00011735005716662084,0.04136947218259629,0.08944365192582104,True,0.37037037037037035,0.5,0.3613159888153932,0.43422577337797735,0.6286506086543207,0.44928724766051586,False,not recommended
smooth_sigmoid_tail_a4_t0p1__ridge_alpha_1,smooth_sigmoid_tail_a4_t0p1,Scheme E: smooth_sigmoid_tail,threshold=-4; alpha=4; temperature=0.1,Ridge,1.0,6270,701,0.1398017727829134,0.18247485604508967,0.4303666829440552,0.6827089921424433,0.639212566324214,0.11170784437137105,0.2918357813528709,0.8860620796241943,0.5957446808510638,0.5592011412268189,0.5768947755702722,5.328557987070143,0.94,8.407703281027104,-3.633994520218778,-3.714466010694877,0.13979152847971393,0.17832792822099647,baseline_unweighted__ridge_alpha_1,0.003748907593303069,0.005922286605691829,-0.0031963883507616364,0.10413694721825967,0.0,True,0.6962962962962965,0.24999999999999753,0.24446132726006126,0.7154571376243616,0.3686597225322778,0.4480838685495817,False,not recommended
smooth_sigmoid_tail_a1_t0p05__ridge_alpha_0p1,smooth_sigmoid_tail_a1_t0p05,Scheme E: smooth_sigmoid_tail,threshold=-4; alpha=1; temperature=0.05,Ridge,0.1,6270,701,0.13742312463653733,0.17847372220626098,0.4550735533704027,0.6865125881577822,0.6417700120767034,0.1111973760640872,0.28159547244764865,0.9091741537217093,0.6352313167259787,0.5092724679029957,0.5653206650831353,5.681740878561892,0.95,8.497146932952925,-3.6310470759040054,-3.709965388637482,0.15456869726125813,0.19404908427255194,baseline_unweighted__ridge_alpha_1,0.001370259446927008,0.0019211527668631379,-0.0006389425982722408,0.054208273894436554,0.08944365192582104,True,0.4370370370370372,0.5,0.341520678056358,0.4050975873572036,0.5479157825240405,0.4455154003527175,False,not recommended
smooth_sigmoid_tail_a1_t0p05__ridge_alpha_0p01,smooth_sigmoid_tail_a1_t0p05,Scheme E: smooth_sigmoid_tail,threshold=-4; alpha=1; temperature=0.05,Ridge,0.01,6270,701,0.1374617572623708,0.17851923289679184,0.4547956061123103,0.6863705459369539,0.6416322960588531,0.11130842711656275,0.28188515918392876,0.9100610200960633,0.6352313167259787,0.5092724679029957,0.5653206650831353,5.681740878561892,0.95,8.497146932952925,-3.631047075904005,-3.709965388637482,0.15459087898331758,0.19409005191656564,baseline_unweighted__ridge_alpha_1,0.001408892072760487,0.001966663457393991,-0.0007766586161225275,0.054208273894436554,0.08944365192582104,True,0.4370370370370372,0.5,0.3362941244632704,0.4046317126430215,0.5450044093961586,0.44396350245779037,False,not recommended
smooth_sigmoid_tail_a2_t0p2__ridge_alpha_0p1,smooth_sigmoid_tail_a2_t0p2,Scheme E: smooth_sigmoid_tail,threshold=-4; alpha=2; temperature=0.2,Ridge,0.1,6270,701,0.13668881348930087,0.17806772674558619,0.457549951835703,0.6872314493981898,0.6409459543259016,0.11048677024837272,0.2810785755842282,0.8998711036903528,0.6427255985267035,0.4978601997146933,0.5610932475884246,5.748772471843696,0.95,8.497146932952925,-3.6352287320630476,-3.718966632752272,0.15334983993704726,0.19125433522509713,baseline_unweighted__ridge_alpha_1,0.0006359482996905474,0.0015151573061883417,-0.001463000349073984,0.04279600570613412,0.08944365192582104,True,0.3777777777777779,0.5,0.31024630586933527,0.4306968084647253,0.6032538211751881,0.43658630006429855,False,not recommended
smooth_sigmoid_tail_a2_t0p05__ridge_alpha_1,smooth_sigmoid_tail_a2_t0p05,Scheme E: smooth_sigmoid_tail,threshold=-4; alpha=2; temperature=0.05,Ridge,1.0,6270,701,0.13859527295841395,0.1800978924376857,0.4451104009051896,0.6853718504781956,0.6420519963359905,0.11228687097828471,0.28522114428810696,0.8726729135484805,0.6067415730337079,0.5392296718972895,0.5709969788519638,5.426918206735162,0.94,8.407703281027104,-3.645822124305444,-3.718966632752272,0.146407001389491,0.18615672153734406,baseline_unweighted__ridge_alpha_1,0.0025424077688036284,0.0035453229982878587,-0.00035695833898508056,0.08416547788873036,0.0,True,0.5925925925925924,0.24999999999999753,0.35222245310458544,0.5765147442988369,0.4595821253475156,0.43650716921601745,False,not recommended
smooth_sigmoid_tail_a4_t0p1__ridge_alpha_0p01,smooth_sigmoid_tail_a4_t0p1,Scheme E: smooth_sigmoid_tail,threshold=-4; alpha=4; temperature=0.1,Ridge,0.01,6270,701,0.14024139184450787,0.1829668837020125,0.4272906074618068,0.6810308143520919,0.6375766379808762,0.11232473555798306,0.2926297916510671,0.8840846968753002,0.5948795180722891,0.5634807417974322,0.5787545787545787,5.320819655225753,0.94,8.407703281027104,-3.633994520218778,-3.714466010694877,0.14015903027634616,0.1789265182432906,baseline_unweighted__ridge_alpha_1,0.004188526654897551,0.0064143142626146565,-0.004832316694099448,0.10841654778887305,0.0,True,0.7185185185185186,0.24999999999999753,0.18237510595934667,0.7077386298363473,0.3355298201552644,0.4350949183202401,False,not recommended
smooth_sigmoid_tail_a4_t0p1__ridge_alpha_0p1,smooth_sigmoid_tail_a4_t0p1,Scheme E: smooth_sigmoid_tail,threshold=-4; alpha=4; temperature=0.1,Ridge,0.1,6270,701,0.14019841848268855,0.18291862578383541,0.4275926743460958,0.6811948747629539,0.6377269590779466,0.11215062297068545,0.2920812942734892,0.8842737978016881,0.595166163141994,0.5620542082738944,0.5781364636830522,5.323383513409847,0.94,8.407703281027104,-3.633994520218778,-3.714466010694877,0.14012300929118235,0.17886840314164004,baseline_unweighted__ridge_alpha_1,0.004145553293078225,0.006366056344437571,-0.004681995597028976,0.10699001426533522,0.0,True,0.711111111111111,0.24999999999999753,0.18808004342613172,0.7084951656058772,0.3387683132195156,0.4349833082868124,False,not recommended
smooth_sigmoid_tail_a2_t0p2__ridge_alpha_0p01,smooth_sigmoid_tail_a2_t0p2,Scheme E: smooth_sigmoid_tail,threshold=-4; alpha=2; temperature=0.2,Ridge,0.01,6270,701,0.13672524323872842,0.1781087816727694,0.45729979067594584,0.6870905620051113,0.6407929625900315,0.11061387925909827,0.28105713325425774,0.9007097302429732,0.6427255985267035,0.4978601997146933,0.5610932475884246,5.748772471843696,0.95,8.497146932952925,-3.6352287320630476,-3.718966632752272,0.15336921906220502,0.1912929920612201,baseline_unweighted__ridge_alpha_1,0.0006723780491180997,0.0015562122333715456,-0.0016159920849441178,0.04279600570613412,0.08944365192582104,True,0.3777777777777779,0.5,0.3044400131859814,0.43028979568322107,0.6005084578650157,0.43495218511387623,False,not recommended
smooth_sigmoid_tail_a1_t0p1__ridge_alpha_0p1,smooth_sigmoid_tail_a1_t0p1,Scheme E: smooth_sigmoid_tail,threshold=-4; alpha=1; temperature=0.1,Ridge,0.1,6270,701,0.1369940363397327,0.17802644944875168,0.45780140982742135,0.6869214801904124,0.6415692372904164,0.1109339743087916,0.2814422989770116,0.9050707142312029,0.6433823529411765,0.4992867332382311,0.5622489959839357,5.754646723168583,0.95,8.497146932952925,-3.631047075904005,-3.709965388637482,0.15601023947745357,0.1947577663739914,baseline_unweighted__ridge_alpha_1,0.0009411711501223774,0.001473880009353834,-0.0008397173845592354,0.0442225392296719,0.08944365192582104,True,0.3851851851851852,0.5,0.3339009385587313,0.374821395718362,0.5802520814385979,0.43133750558158646,False,not recommended
smooth_sigmoid_tail_a1_t0p1__ridge_alpha_0p01,smooth_sigmoid_tail_a1_t0p1,Scheme E: smooth_sigmoid_tail,threshold=-4; alpha=1; temperature=0.1,Ridge,0.01,6270,701,0.13703160019898267,0.17807033327683366,0.4575340710989193,0.6867806270393455,0.6414222814684251,0.11100593282132132,0.28156441742881533,0.9059298337375901,0.6422018348623854,0.4992867332382311,0.5617977528089888,5.74408773835543,0.95,8.497146932952925,-3.631047075904005,-3.709965388637482,0.15603214484214004,0.19479638375764163,baseline_unweighted__ridge_alpha_1,0.0009787350093723446,0.0015177638374358204,-0.000986673206550548,0.0442225392296719,0.08944365192582104,True,0.3851851851851852,0.5,0.3283237189190463,0.3743613252384863,0.5774212510707298,0.429728426526488,False,not recommended
smooth_sigmoid_tail_a1_t0p2__ridge_alpha_1,smooth_sigmoid_tail_a1_t0p2,Scheme E: smooth_sigmoid_tail,threshold=-4; alpha=1; temperature=0.2,Ridge,1.0,6270,701,0.13599147449854962,0.17687296860074614,0.4648047463988152,0.6890067752590672,0.6428587021518795,0.11014834188908385,0.2811158528226947,0.9123114245469419,0.65,0.48216833095577744,0.5536445536445537,5.813837375178317,0.95,8.497146932952925,-3.630716024662425,-3.709965388637482,0.1591357889729527,0.19716412961124333,baseline_unweighted__ridge_alpha_1,-6.139069106070316e-05,0.0003203991613482948,0.0004497474769038501,0.02710413694721825,0.08944365192582104,True,0.2962962962962962,0.5,0.38283829029196725,0.3091766061039687,0.6558056204613271,0.4203890661172619,False,not recommended
inverse_frequency_bins__ridge_alpha_10,inverse_frequency_bins,Scheme B: inverse_frequency_bins,q=5,Ridge,10.0,6270,701,0.13414503199384273,0.17431961764643927,0.48014544631131173,0.6956821113979037,0.6500334557443107,0.1093358455503215,0.2775992790455676,0.9135880775146279,0.6767895878524945,0.4450784593437946,0.5370051635111877,6.053453232289788,0.95,8.497146932952925,-3.624209090709799,-3.688246138944246,0.17025793513889395,0.20754682060703714,baseline_unweighted__ridge_alpha_1,-0.0019078331957675942,-0.0022329517929585707,0.007624501069335099,-0.0099857346647646,0.08944365192582104,True,0.10370370370370378,0.5,0.655132208990703,0.07558217857206574,0.794954409196368,0.41253285588933153,False,not recommended
baseline_unweighted__ridge_alpha_10,baseline_unweighted,Scheme A: baseline_unweighted,,Ridge,10.0,6270,701,0.13416996759110256,0.1743372386706285,0.4800403424477864,0.6956603410409442,0.6500353184853593,0.10931571969709486,0.27784749403862685,0.9127706217975953,0.6767895878524945,0.4450784593437946,0.5370051635111877,6.053453232289788,0.95,8.497146932952925,-3.624209090709799,-3.688246138944246,0.17032363053645916,0.20762561500446677,baseline_unweighted__ridge_alpha_1,-0.0018828975985077656,-0.0022153307687693413,0.0076263638103837295,-0.0099857346647646,0.08944365192582104,True,0.10370370370370378,0.5,0.655202903134149,0.07420240181344707,0.7930752506814155,0.4120581544269851,False,not recommended
inverse_frequency_bins__ridge_alpha_100,inverse_frequency_bins,Scheme B: inverse_frequency_bins,q=5,Ridge,100.0,6270,701,0.1316485410296134,0.17150141589222462,0.49681841016147776,0.7050613381289654,0.6591058097736228,0.10609365792727798,0.2731355594494064,0.871901279929058,0.6995305164319249,0.42510699001426533,0.5288376220053239,6.256856402322637,0.94,8.407703281027104,-3.6265145558412204,-3.688246138944246,0.17378345076341956,0.20969659857201783,baseline_unweighted__ridge_alpha_1,-0.00440432415999692,-0.005051153547173226,0.016696855098647156,-0.029957203994293857,0.0,True,0.0,0.24999999999999753,0.999443243319415,0.0015370444964390426,0.9830911602053733,0.4100828793691542,True,not recommended
baseline_unweighted__ridge_alpha_100,baseline_unweighted,Scheme A: baseline_unweighted,,Ridge,100.0,6270,701,0.13166620968731355,0.17150873669485914,0.4967754510790534,0.7050456417500349,0.6591204799212824,0.10607516119265181,0.27325048226250137,0.8719101643778027,0.6995305164319249,0.42510699001426533,0.5288376220053239,6.256856402322637,0.94,8.407703281027104,-3.6265145558412204,-3.688246138944246,0.17385663415967423,0.20979110067350812,baseline_unweighted__ridge_alpha_1,-0.004386655502296777,-0.0050438327445387066,0.016711525246306813,-0.029957203994293857,0.0,True,0.0,0.24999999999999753,1.0,0.0,0.9817596417252249,0.4097639462587831,True,not recommended
smooth_sigmoid_tail_a1_t0p2__ridge_alpha_0p1,smooth_sigmoid_tail_a1_t0p2,Scheme E: smooth_sigmoid_tail,threshold=-4; alpha=1; temperature=0.2,Ridge,0.1,6270,701,0.13632635899749074,0.1772567316211245,0.46247979007583906,0.6877261784757949,0.6415229067033561,0.11055787793378169,0.2813158525188327,0.9199550493960058,0.6468330134357005,0.48074179743223966,0.5515548281505728,5.785510690787222,0.95,8.497146932952925,-3.6307160246624246,-3.709965388637482,0.15927244391533416,0.19748446142631296,baseline_unweighted__ridge_alpha_1,0.000273493807880415,0.0007041621817266697,-0.000886047971619508,0.025677603423680473,0.08944365192582104,True,0.288888888888889,0.5,0.33214261516215327,0.306306491599202,0.6305685647311814,0.4041820037042104,False,not recommended
smooth_sigmoid_tail_a1_t0p2__ridge_alpha_0p01,smooth_sigmoid_tail_a1_t0p2,Scheme E: smooth_sigmoid_tail,threshold=-4; alpha=1; temperature=0.2,Ridge,0.01,6270,701,0.1363623473757619,0.17729813853524776,0.46222863286927385,0.6875881976945519,0.6413895028245388,0.11065804153967296,0.28117811333878906,0.9207763530042832,0.6468330134357005,0.48074179743223966,0.5515548281505728,5.785510690787222,0.95,8.497146932952925,-3.6307160246624246,-3.709965388637482,0.159287575615082,0.19751929506774726,baseline_unweighted__ridge_alpha_1,0.0003094821861515662,0.0007455690958499128,-0.0010194518504368366,0.025677603423680473,0.08944365192582104,True,0.288888888888889,0.5,0.3270797144694937,0.30598868596282164,0.6278564633620872,0.4027149375148573,False,not recommended
smooth_sigmoid_tail_a6_t0p05__ridge_alpha_1,smooth_sigmoid_tail_a6_t0p05,Scheme E: smooth_sigmoid_tail,threshold=-4; alpha=6; temperature=0.05,Ridge,1.0,6270,701,0.1441381578633024,0.18768278903544677,0.39738738286330233,0.6745881990691158,0.635444931729861,0.11520220665337622,0.2974332799413612,0.9073780694381757,0.5555555555555556,0.6062767475035663,0.5798090040927695,4.9690917736566815,0.93,8.318259629101284,-3.6521881538756067,-3.718966632752272,0.13339687024542946,0.1742908949718758,baseline_unweighted__ridge_alpha_1,0.008085292673692068,0.01113021959604893,-0.006964022945114556,0.15121255349500712,-0.08944365192581927,True,0.9407407407407407,0.0,0.10147328248546171,0.8497618399015264,0.041867672475664995,0.3892242685388562,False,not recommended
smooth_sigmoid_tail_a4_t0p05__ridge_alpha_0p1,smooth_sigmoid_tail_a4_t0p05,Scheme E: smooth_sigmoid_tail,threshold=-4; alpha=4; temperature=0.05,Ridge,0.1,6270,701,0.14198575645683256,0.18462949693864247,0.4168349394845213,0.6781583979942475,0.6373245069674751,0.1138003363495832,0.29154566536831583,0.883395915717264,0.5676795580110497,0.5863052781740371,0.5768421052631579,5.077533279214382,0.93,8.318259629101284,-3.6543448211834457,-3.7270373353220783,0.13835109382945,0.17905395988884898,baseline_unweighted__ridge_alpha_1,0.00593289126722224,0.00807692749924463,-0.005084447707500495,0.13124108416547792,-0.08944365192581927,True,0.8370370370370372,0.0,0.17280631160564533,0.7457100674551076,0.20407367012703453,0.38628808221770966,False,not recommended
smooth_sigmoid_tail_a4_t0p05__ridge_alpha_0p01,smooth_sigmoid_tail_a4_t0p05,Scheme E: smooth_sigmoid_tail,threshold=-4; alpha=4; temperature=0.05,Ridge,0.01,6270,701,0.14203554782565808,0.1846854749304286,0.41648126514479267,0.6779832057228626,0.6371730163781644,0.11369286307615223,0.2918255624603957,0.8831957365654839,0.5676795580110497,0.5863052781740371,0.5768421052631579,5.077533279214382,0.93,8.318259629101284,-3.6543448211834457,-3.7270373353220783,0.13839498404253248,0.1791254830921207,baseline_unweighted__ridge_alpha_1,0.005982682636047759,0.008132905491030767,-0.005235938296811238,0.13124108416547792,-0.08944365192581927,True,0.8370370370370372,0.0,0.1670569899490914,0.7447882571276502,0.20032136879955265,0.38443710113815804,False,not recommended
smooth_sigmoid_tail_a6_t0p05__ridge_alpha_0p1,smooth_sigmoid_tail_a6_t0p05,Scheme E: smooth_sigmoid_tail,threshold=-4; alpha=6; temperature=0.05,Ridge,0.1,6270,701,0.14463843345451985,0.18824414462165354,0.39377718658380856,0.6727768012889379,0.6337910636993024,0.11622347518814813,0.2984192799515425,0.9057699960923182,0.5549805950840879,0.6119828815977175,0.5820895522388059,4.963949117228576,0.93,8.318259629101284,-3.652188153875607,-3.718966632752272,0.13388137424040716,0.17510973982979722,baseline_unweighted__ridge_alpha_1,0.008585568264909527,0.011691575182255692,-0.008617890975673226,0.15691868758915833,-0.08944365192581927,True,0.9703703703703703,0.0,0.038706220000354355,0.8395859771089375,0.004166665065923711,0.37689673291889264,False,not recommended
smooth_sigmoid_tail_a6_t0p05__ridge_alpha_0p01,smooth_sigmoid_tail_a6_t0p05,Scheme E: smooth_sigmoid_tail,threshold=-4; alpha=6; temperature=0.05,Ridge,0.01,6270,701,0.14469372324576085,0.18830565481376715,0.39338094611637386,0.6725792424354091,0.63359622139943,0.11613844301024523,0.2985628480603318,0.905599338652392,0.5555555555555556,0.6134094151212554,0.5830508474576271,4.9690917736566815,0.93,8.318259629101284,-3.652188153875607,-3.718966632752272,0.13393507158903478,0.17519786884610086,baseline_unweighted__ridge_alpha_1,0.00864085805615053,0.01175308537436931,-0.008812733275545659,0.15834522111269617,-0.08944365192581927,True,0.9777777777777779,0.0,0.03131162830085588,0.8384581910480906,0.0,0.3764754987618292,False,not recommended
smooth_sigmoid_tail_a2_t0p05__ridge_alpha_0p1,smooth_sigmoid_tail_a2_t0p05,Scheme E: smooth_sigmoid_tail,threshold=-4; alpha=2; temperature=0.05,Ridge,0.1,6270,701,0.13898797361745865,0.18055395621750123,0.4422965371319947,0.6839618288030845,0.6406840033506316,0.11230128755401791,0.28494455564758336,0.8820350200710245,0.6051364365971108,0.5378031383737518,0.5694864048338368,5.4125612802623175,0.93,8.318259629101284,-3.647607924900038,-3.718966632752272,0.14669213850314894,0.18664013721793246,baseline_unweighted__ridge_alpha_1,0.002935108427848332,0.004001386778103383,-0.0017249513243440262,0.08273894436519263,-0.08944365192581927,True,0.5851851851851855,0.0,0.3003048275113217,0.5705261122633228,0.4299880161877521,0.35643438106622194,False,not recommended
smooth_sigmoid_tail_a2_t0p05__ridge_alpha_0p01,smooth_sigmoid_tail_a2_t0p05,Scheme E: smooth_sigmoid_tail,threshold=-4; alpha=2; temperature=0.05,Ridge,0.01,6270,701,0.1390303600452405,0.18060328102949808,0.441991781960555,0.683809502953661,0.6405458139129753,0.11240535606607471,0.28491780836133496,0.883039881772933,0.6041666666666666,0.5378031383737518,0.5690566037735849,5.40388730385164,0.93,8.318259629101284,-3.6480778905268005,-3.718966632752272,0.146722366220154,0.18669220141867926,baseline_unweighted__ridge_alpha_1,0.002977494855630175,0.004050711590100231,-0.001863140762000337,0.08273894436519263,-0.08944365192581927,True,0.5851851851851855,0.0,0.29506030684347523,0.5698912504170529,0.42679375475279613,0.3548111084404688,False,not recommended
inverse_frequency_bins__ridge_alpha_1,inverse_frequency_bins,Scheme B: inverse_frequency_bins,q=5,Ridge,1.0,6270,701,0.13602740216547557,0.1765300812742704,0.46687780247423427,0.6883185897093799,0.6424180730145254,0.11133032178893987,0.2824069843480467,0.9550581387887509,0.6673640167364017,0.4550641940085592,0.5411365564037319,5.9691474820787995,0.94,8.407703281027104,-3.6329973829327797,-3.6893079857591733,0.1704054771308693,0.20874529899562497,baseline_unweighted__ridge_alpha_1,-2.54630241347531e-05,-2.248816512745444e-05,9.11833954975183e-06,0.0,0.0,True,0.15555555555555553,0.24999999999999753,0.36611567634330705,0.07248340728834214,0.6530980943281939,0.2834492494000301,False,not recommended
baseline_unweighted__ridge_alpha_1,baseline_unweighted,Scheme A: baseline_unweighted,,Ridge,1.0,6270,701,0.13605286518961032,0.17655256943939784,0.4667419649607635,0.6882943508944662,0.6424089546749756,0.11138812611474691,0.28289400831857175,0.954241054101034,0.6673640167364017,0.4550641940085592,0.5411365564037319,5.9691474820787995,0.94,8.407703281027104,-3.6329973829327797,-3.6893079857591733,0.17046755485605325,0.20881986160039995,baseline_unweighted__ridge_alpha_1,0.0,0.0,0.0,0.0,0.0,True,0.15555555555555553,0.24999999999999753,0.3657696200814381,0.07117961119894745,0.6511791886721282,0.2828966328858372,False,unweighted baseline reference
inverse_frequency_bins__ridge_alpha_0p1,inverse_frequency_bins,Scheme B: inverse_frequency_bins,q=5,Ridge,0.1,6270,701,0.1363441606684821,0.17691380637611595,0.4645575779718999,0.6870498398787507,0.6410458898902397,0.11155304776501973,0.28347830421537995,0.9621352831144114,0.6680584551148225,0.456490727532097,0.5423728813559322,5.97535879253914,0.94,8.407703281027104,-3.630253060661078,-3.6893079857591733,0.17046889303765778,0.20900442253565354,baseline_unweighted__ridge_alpha_1,0.00029129547887177254,0.00036123693671810675,-0.0013630647847359123,0.0014265335235378318,0.0,True,0.1629629629629631,0.24999999999999753,0.31403902795803385,0.0711515058529846,0.6292270223059,0.2711053255561796,False,not recommended
baseline_unweighted__ridge_alpha_0p1,baseline_unweighted,Scheme A: baseline_unweighted,,Ridge,0.1,6270,701,0.1363700924094255,0.17693706756138852,0.4644167653982546,0.6870252366081825,0.6410449217030431,0.11157395223460753,0.2834159342396344,0.961322021351815,0.6680584551148225,0.456490727532097,0.5423728813559322,5.97535879253914,0.94,8.407703281027104,-3.630253060661078,-3.6893079857591733,0.17053251565351846,0.2090785589606891,baseline_unweighted__ridge_alpha_1,0.0003172272198151693,0.00038449812199067845,-0.0013640329719325495,0.0014265335235378318,0.0,True,0.1629629629629631,0.24999999999999753,0.31400228363191723,0.06981526298148119,0.6272727939273471,0.2706044060034478,False,not recommended
inverse_frequency_bins__ridge_alpha_0p01,inverse_frequency_bins,Scheme B: inverse_frequency_bins,q=5,Ridge,0.01,6270,701,0.13637887861570142,0.17695517808004166,0.46430711978579386,0.6869132116992709,0.6408920508719071,0.1115304350181292,0.28349983660830835,0.9628960226744812,0.6680584551148225,0.456490727532097,0.5423728813559322,5.97535879253914,0.94,8.407703281027104,-3.630253060661078,-3.6893079857591733,0.17047865137175564,0.20903297905650167,baseline_unweighted__ridge_alpha_1,0.00032601342609109296,0.0004026086406438145,-0.001516903803068459,0.0014265335235378318,0.0,True,0.1629629629629631,0.24999999999999753,0.3082005794857789,0.07094655507880444,0.6266106612274366,0.2695144390838321,False,not recommended
baseline_unweighted__ridge_alpha_0p01,baseline_unweighted,Scheme A: baseline_unweighted,,Ridge,0.01,6270,701,0.13640469271938016,0.1769785215101071,0.464165776263352,0.6868885704950547,0.6408913155121284,0.11160148091008537,0.2834601093834609,0.9620832145848208,0.6666666666666666,0.456490727532097,0.5419136325148181,5.962910128388017,0.94,8.407703281027104,-3.630253060661078,-3.6893079857591733,0.17054223544067124,0.20910707393334113,baseline_unweighted__ridge_alpha_1,0.0003518275297698381,0.00042595207070925123,-0.0015176391628471952,0.0014265335235378318,0.0,True,0.1629629629629631,0.24999999999999753,0.30817267135022747,0.06961112179489634,0.6246652980493136,0.26901673798741715,False,not recommended
