candidate_id,group,production_replicas,sigma_static_cNE0_mean_S_cm,sigma_static_cNE0_std_S_cm,sigma_static_cNE0_min_S_cm,sigma_static_cNE0_max_S_cm,sigma_NE_mean_S_cm,sigma_NE_std_S_cm,D_Li_mean_cm2s,D_TFSI_mean_cm2s,RDF_first_minimum_mean_nm,RDF_first_minimum_median_nm,RDF_first_minimum_min_nm,RDF_first_minimum_max_nm,log10_static_cNE0_mean_S_cm,repeat_unit_smiles,repeat_unit_psmiles,degree_of_polymerization,design_condition,baseline_surrogate_log10_sigma_S_cm,baseline_surrogate_sigma_S_cm,baseline_surrogate_rank,weighted_surrogate_log10_sigma_S_cm,weighted_surrogate_sigma_S_cm,weighted_surrogate_rank,topology_route,charge_neutrality_class,polymer_n_mol,Li_count,TFSI_count,aggregation,source_replica_file
910000,HIGH_top,3,0.0021023540466216,0.00018140176534600216,0.0018929079936553,0.0022094985691866,0.0022740163711279667,0.00019104977248712165,1.0371948962818337e-07,2.8756444769595017e-07,0.3273333333333333,0.328,0.324,0.33,-2.6772941448508956,[*]CNOCCOCCOCOCCOCCONCOC[*],[*]CNOCCOCCOCOCCOCCONCOC[*],8,HIGH,-2.7328645057371466,0.0018498456568853,1,-2.8371757797898387,0.0014548701057422,89,direct ACPYPE,neutral as built,17,100,100,arithmetic mean across three production replicas,reproducibility/data/generated_md/generated_md_replica_180.csv
910001,HIGH_top,3,0.0017303316925813665,6.735674305029229e-05,0.001654019042156,0.0017814962987387,0.0018359423889846335,7.9254091345128e-05,6.74881866810178e-08,2.4594699389372987e-07,0.32666666666666666,0.328,0.322,0.33,-2.7618706376515605,[*]COCCOCNOCCOCCOCCSCCOC[*],[*]COCCOCNOCCOCCOCCSCCOC[*],8,HIGH,-2.7387933268624165,0.0018247638688964,2,-2.8655243138402904,0.0013629367004883,183,direct ACPYPE,neutralized after polymer charge repair,16,100,100,arithmetic mean across three production replicas,reproducibility/data/generated_md/generated_md_replica_180.csv
910002,HIGH_top,3,0.0014703699077742334,0.00023000300684349642,0.0012720357822114,0.0017225044969623,0.0015176227556381666,0.00023650353524281567,6.884543988436822e-08,1.9433900100948476e-07,0.32666666666666666,0.326,0.326,0.328,-2.8325733940301414,[*]COCCOCNOCCOCCOCCOCOCCOC[*],[*]COCCOCNOCCOCCOCCOCOCCOC[*],7,HIGH,-2.7571204232882263,0.0017493615498799,3,-2.904130016695527,0.0012470101353137,349,direct ACPYPE,neutral as built,18,100,100,arithmetic mean across three production replicas,reproducibility/data/generated_md/generated_md_replica_180.csv
910003,HIGH_top,3,0.0008038700538238001,8.286493360943984e-05,0.000727158967676,0.000891754923247,0.0009024523856512334,9.51822072706723e-05,3.9405931759536763e-08,1.1466226131330636e-07,0.33466666666666667,0.334,0.334,0.336,-3.0948141495953223,[*]CNOCCOCCOCCSCCOCCOCOC[*],[*]CNOCCOCCOCCSCCOCCOCOC[*],8,HIGH,-2.759657811132426,0.0017391706145845,4,-2.866437622631807,0.001360073495522,189,direct ACPYPE,neutral as built,16,100,100,arithmetic mean across three production replicas,reproducibility/data/generated_md/generated_md_replica_180.csv
910004,HIGH_top,3,0.0008456037148016335,1.2508456120723547e-05,0.0008325010433216,0.0008574182695746,0.0009684931673764,1.6729911379791468e-05,4.91274392300542e-08,1.1847091105794223e-07,0.33266666666666667,0.334,0.328,0.336,-3.0728331178076465,[*]CNOCCOCCOCCOCCNOCOC[*],[*]CNOCCOCCOCCOCCNOCOC[*],8,HIGH,-2.7601888376566586,0.00173704537153,5,-2.9063217040562463,0.0012407328930189,356,direct ACPYPE,neutral as built,19,100,100,arithmetic mean across three production replicas,reproducibility/data/generated_md/generated_md_replica_180.csv
910005,HIGH_top,3,0.0006942034405990667,7.889018494918307e-05,0.00062478758617,0.0007799969885569,0.0007227073859176,8.086943646293532e-05,3.966313614213679e-08,8.235226024143646e-08,0.33,0.33,0.328,0.332,-3.158513238216485,[*]CNOCCOCCOCCOCCOCCONCOC[*],[*]CNOCCOCCOCCOCCOCCONCOC[*],7,HIGH,-2.76640677710228,0.0017123527000213,6,-2.83915205301576,0.0014482647055617,95,direct ACPYPE,neutral as built,18,100,100,arithmetic mean across three production replicas,reproducibility/data/generated_md/generated_md_replica_180.csv
910006,HIGH_top,3,0.0005758383870410667,0.00012336819632179162,0.0004921927653191,0.0007175224483386,0.0005905661916159,0.000128891669406537,3.442865189240036e-08,6.798599430525396e-08,0.3273333333333333,0.328,0.324,0.33,-3.239699387175162,[*]COCCOCCOCNOCCOCOCCOCCOC[*],[*]COCCOCCOCNOCCOCOCCOCCOC[*],7,HIGH,-2.7694897638642475,0.0017002400271025,7,-2.9198267617459086,0.0012027441085402,421,direct ACPYPE,neutral as built,18,100,100,arithmetic mean across three production replicas,reproducibility/data/generated_md/generated_md_replica_180.csv
910007,HIGH_top,3,0.0007306154759996667,0.00013235982222916767,0.0006175084010874,0.000876187071984,0.0007694120622751332,0.00014079867925139057,4.765043001262371e-08,8.554829647059322e-08,0.332,0.332,0.33,0.334,-3.136311132739935,[*]CNCCOCOCCONCOCCOCCOCCOC[*],[*]CNCCOCOCCONCOCCOCCOCCOC[*],7,HIGH,-2.7704405188801102,0.001696521942571,8,-2.959031389156737,0.0010989264103323,613,direct ACPYPE,neutral as built,18,100,100,arithmetic mean across three production replicas,reproducibility/data/generated_md/generated_md_replica_180.csv
910008,HIGH_top,3,0.0007858762414299334,0.00012144857838002087,0.0006632950262365,0.0009061595727458,0.0008712085856467334,0.00013439840918991078,5.189586014194046e-08,9.886733223728432e-08,0.332,0.332,0.332,0.332,-3.104645840596591,[*]CNOCCOCCOCCONCCOCOC[*],[*]CNOCCOCCOCCONCCOCOC[*],8,HIGH,-2.7755141928043945,0.0016768175362216,9,-2.770169646021949,0.0016975804066003,14,direct ACPYPE,neutral as built,19,100,100,arithmetic mean across three production replicas,reproducibility/data/generated_md/generated_md_replica_180.csv
910009,HIGH_top,3,0.0005626758246021333,3.7846307660527835e-05,0.0005334646332939,0.0006054305362335,0.0005794114329969001,4.004976022865853e-05,3.292007379944868e-08,6.756080886673338e-08,0.33,0.33,0.33,0.33,-3.249741743931556,[*]COCCOCCOCOCCOCNOCCOCCOC[*],[*]COCCOCCOCOCCOCNOCCOCCOC[*],7,HIGH,-2.7761397675941466,0.0016744039212857,10,-2.9344893295863685,0.0011628151204796,488,direct ACPYPE,neutral as built,18,100,100,arithmetic mean across three production replicas,reproducibility/data/generated_md/generated_md_replica_180.csv
910195,HIGH_middle_stratified,3,0.00037037910589206665,4.5608517293755365e-05,0.0003230371272643,0.000414029826046,0.0003882992996331667,4.97430148320308e-05,2.2638233905629405e-08,4.421154360764908e-08,0.33,0.33,0.33,0.33,-3.4313535210498363,[*]CNCCOCCOCCOCOCCOCCOC[*],[*]CNCCOCCOCCOCOCCOCCOC[*],8,HIGH,-2.8853976243586468,0.0013019741919949,196,-2.9282047460416627,0.0011797643103219,454,direct ACPYPE,neutral as built,18,100,100,arithmetic mean across three production replicas,reproducibility/data/generated_md/generated_md_replica_180.csv
910341,HIGH_middle_stratified,3,0.0004950596923379666,9.432418095581157e-05,0.0004366798066088,0.0006038793584199,0.0005457836113878334,0.00010566946275383072,3.128846938193811e-08,6.06920690537383e-08,0.334,0.334,0.332,0.336,-3.305342432399728,[*]CNCCOCOCCOCOCCOCCOCCOC[*],[*]CNCCOCOCCOCOCCOCCOCCOC[*],7,HIGH,-2.93332217111551,0.0011659443678459,342,-2.979359208629076,0.0010486747021585,719,bonded fallback,neutral as built,18,100,100,arithmetic mean across three production replicas,reproducibility/data/generated_md/generated_md_replica_180.csv
910608,HIGH_middle_stratified,3,0.00023479644447936665,2.198124076085681e-05,0.0002179546205152,0.0002596624064631,0.0002541821569837667,2.4573414799767275e-05,1.7826106906989315e-08,2.574463155277078e-08,0.334,0.334,0.332,0.336,-3.6293084838924075,[*]CCOCCOCCOCCOCOCCOCOCC[*],[*]CCOCCOCCOCCOCOCCOCOCC[*],8,HIGH,-2.984539651005249,0.0010362399915939,609,-3.0093261688036352,0.0009787546338197,880,direct ACPYPE,neutral as built,17,100,100,arithmetic mean across three production replicas,reproducibility/data/generated_md/generated_md_replica_180.csv
910831,HIGH_middle_stratified,3,0.00020047784251463335,2.775574399326955e-05,0.0001684301805616,0.0002168047364021,0.00021729070334286667,3.1032469784835785e-05,1.044579501447998e-08,2.7037808366629227e-08,0.3333333333333333,0.334,0.332,0.334,-3.697933620078134,[*]COCCOCCOC([*])OCCOCOCCOCC,[*]COCCOCCOC([*])OCCOCOCCOCC,8,HIGH,-3.0247861375358536,0.0009445258808235,832,-3.128321991606068,0.0007441800245217,1561,bonded fallback,neutral as built,18,100,100,arithmetic mean across three production replicas,reproducibility/data/generated_md/generated_md_replica_180.csv
911008,HIGH_middle_stratified,3,0.0001506949667784,1.943997772467848e-05,0.0001289060294582,0.00016626323387,0.00017772370462866669,2.3079433165780897e-05,1.2590138870929032e-08,1.7906642670280456e-08,0.336,0.336,0.334,0.338,-3.82190125290681,[*]CCNCCOCCOCCOCCOCCNC[*],[*]CCNCCOCCOCCOCCOCCNC[*],8,HIGH,-3.056794252431234,0.000877416399842,1009,-2.961702477461197,0.0010921883067078,631,direct ACPYPE,neutral as built,19,100,100,arithmetic mean across three production replicas,reproducibility/data/generated_md/generated_md_replica_180.csv
911233,HIGH_middle_stratified,3,0.0010296726639779,0.0001235258116288262,0.0009321038416963,0.0011685618465101,0.0011727270774369,0.00014260153022390695,5.161195387021856e-08,1.459153083979486e-07,0.33066666666666666,0.33,0.33,0.332,-2.987300816869889,[*]COCCOCOCNCOCCOCOC[*],[*]COCCOCOCNCOCCOCOC[*],9,HIGH,-3.1036277495189486,0.0007877206860691,1234,-3.2342057256577528,0.0005831687912919,1951,direct ACPYPE,neutralized after polymer charge repair,18,100,100,arithmetic mean across three production replicas,reproducibility/data/generated_md/generated_md_replica_180.csv
911337,HIGH_middle_stratified,3,0.000270215240323,2.0002460226757182e-05,0.0002539431775034,0.0002925468130687,0.0002867804700277,2.1417698107893313e-05,1.7312717632644402e-08,3.101819867851335e-08,0.33066666666666666,0.33,0.33,0.332,-3.5682901601195924,[*]OCCOCCOCCNOCCOCCOCCOC([*])C,[*]OCCOCCOCCNOCCOCCOCCOC([*])C,7,HIGH,-3.1319240150046728,0.000738033346563,1338,-3.002502519922535,0.0009942543049386,836,direct ACPYPE,neutral as built,18,100,100,arithmetic mean across three production replicas,reproducibility/data/generated_md/generated_md_replica_180.csv
911692,HIGH_middle_stratified,3,0.00044784360235723333,4.98991213824407e-05,0.0004053607120917,0.0005027944725927,0.00045870090820749996,4.9771676155313524e-05,2.4751353785889776e-08,5.4534560961840955e-08,0.328,0.328,0.326,0.33,-3.348873625492829,[*]OCCOCCOCCOCCOCNOC([*])COC,[*]OCCOCCOCCOCCOCNOC([*])COC,8,HIGH,-3.252404706175008,0.0005592362229183,1693,-3.223772145004612,0.0005973486066253,1923,direct ACPYPE,neutral as built,18,100,100,arithmetic mean across three production replicas,reproducibility/data/generated_md/generated_md_replica_180.csv
911758,HIGH_middle_stratified,3,0.0009766831130182667,8.736036781794294e-05,0.0008858539157401,0.001060102666027,0.0010657344510046334,0.00010150570277467247,4.8792996365745264e-08,1.3082537253066588e-07,0.33,0.33,0.33,0.33,-3.0102463212260204,[*]CCOCSCOCCOCCOCCOC[*],[*]CCOCSCOCCOCCOCCOC[*],9,HIGH,-3.2753399815786657,0.0005304690111321,1759,-3.210619895844083,0.0006157155248289,1888,direct ACPYPE,neutralized after polymer charge repair,17,100,100,arithmetic mean across three production replicas,reproducibility/data/generated_md/generated_md_replica_180.csv
912027,HIGH_middle_stratified,3,0.00014746943110333335,1.8036585831257326e-05,0.0001298189269457,0.0001658687735141,0.00016427965648466665,2.1359285077625497e-05,1.1397927129629934e-08,1.7086143430708327e-08,0.33266666666666667,0.334,0.33,0.334,-3.83129799513683,[*]CCCOCCOCCOCCOCOCCOCCN([*])C,[*]CCCOCCOCCOCCOCOCCOCCN([*])C,7,HIGH,-3.416727284301559,0.0003830652140302,2028,-3.1087469111812,0.0007784900906246,1458,direct ACPYPE,neutral as built,19,100,100,arithmetic mean across three production replicas,reproducibility/data/generated_md/generated_md_replica_180.csv
912116,HIGH_bottom,3,8.127635557153085e-05,6.934795675247382e-07,8.063559942774681e-05,8.201265140419602e-05,9.217244705294254e-05,1.414180066060796e-06,6.475661029915708e-09,9.264179054416479e-09,0.334,0.334,0.332,0.336,-4.090035778370424,[*]OCCCOCCOCCOCCOCCOC([*])CCC,[*]OCCCOCCOCCOCCOCCOC([*])CCC,8,HIGH,-3.595506622379443,0.0002538010284584,2117,-3.285311035634534,0.0005184286146165,2033,bonded fallback,neutral as built,17,100,100,arithmetic mean across three production replicas,reproducibility/data/generated_md/generated_md_replica_180.csv
912117,HIGH_bottom,3,0.0001169242227908,1.0119589598195991e-05,0.0001076718375185,0.0001277311207844,0.0002862785997462,2.3517619841018256e-05,2.7510772209365667e-08,2.2088395692278432e-08,0.336,0.336,0.336,0.336,-3.932095508216881,[*]CCNOCNC[*],[*]CCNOCNC[*],22,HIGH,-3.5996878025038823,0.0002513692778635,2118,-3.2355860926144637,0.0005813181829438,1956,direct ACPYPE,neutral as built,19,100,100,arithmetic mean across three production replicas,reproducibility/data/generated_md/generated_md_replica_180.csv
912118,HIGH_bottom,3,0.00029607597091883337,4.737322573084266e-05,0.0002433093989312,0.0003349488196212,0.0004137233108419333,7.375683645780831e-05,2.28910593243385e-08,4.774710378442356e-08,0.34,0.34,0.338,0.342,-3.528596837868442,[*]OCCCNCOCCOCCOC([*])=O,[*]OCCCNCOCCOCCOC([*])=O,10,HIGH,-3.6109812259674072,0.0002449169114216,2119,-3.5284081181176288,0.0002962046567015,2132,direct ACPYPE,neutral as built,19,100,100,arithmetic mean across three production replicas,reproducibility/data/generated_md/generated_md_replica_180.csv
912119,HIGH_bottom,3,5.3749763735735885e-05,1.6068472207837193e-06,5.189696519705776e-05,5.476166839814772e-05,5.8730081866451317e-05,1.4562242078427207e-06,4.331806225595555e-09,5.746008138541664e-09,0.332,0.332,0.33,0.334,-4.2696234404075515,[*]CCOCCOCCOCCOCCOC([*])CCC,[*]CCOCCOCCOCCOCCOC([*])CCC,8,HIGH,-3.6316239007534223,0.0002335479713422,2120,-3.336843921723492,0.0004604220119316,2076,bonded fallback,neutral as built,19,100,100,arithmetic mean across three production replicas,reproducibility/data/generated_md/generated_md_replica_180.csv
912120,HIGH_bottom,3,0.0005764054035697666,1.5756708092013653e-05,0.0005595763965011,0.0005908084161597,0.000677758911805,1.8938221322699216e-05,3.411747101845917e-08,8.22715223388376e-08,0.33466666666666667,0.334,0.334,0.336,-3.239271956502163,[*]OCCNOCCOC(CO)COCCOCCOC([*])=O,[*]OCCNOCCOC(CO)COCCOCCOC([*])=O,8,HIGH,-3.632648822535249,0.0002329974550822,2121,-3.435597995809108,0.0003667769242051,2114,direct ACPYPE,neutral as built,17,100,100,arithmetic mean across three production replicas,reproducibility/data/generated_md/generated_md_replica_180.csv
912121,HIGH_bottom,3,0.0002611599364051,3.247796972983604e-05,0.0002258021957642,0.000289664292874,0.00030551081228556666,3.757777709510923e-05,1.720061308440241e-08,3.529096574111445e-08,0.334,0.334,0.334,0.334,-3.583093445822351,[*]OCCCOCCOCOCCOCCOC([*])CCC,[*]OCCCOCCOCOCCOCCOC([*])CCC,8,HIGH,-3.6601290619278553,0.000218711157014,2122,-3.396323901006244,0.0004014912631102,2102,direct ACPYPE,neutral as built,18,100,100,arithmetic mean across three production replicas,reproducibility/data/generated_md/generated_md_replica_180.csv
912122,HIGH_bottom,3,0.0007221791826856333,5.4215097655994086e-05,0.0006743335321568,0.0007810644464799,0.0011305155202598666,8.481663903508839e-05,1.0422878626057114e-07,8.804672383792314e-08,0.338,0.338,0.338,0.338,-3.1413550345675425,[*]CCOCNC[*],[*]CCOCNC[*],25,HIGH,-3.66601037979126,0.0002157692838916,2123,-3.2839215832550464,0.0005200898961262,2030,bonded fallback,neutral as built,19,100,100,arithmetic mean across three production replicas,reproducibility/data/generated_md/generated_md_replica_180.csv
912123,HIGH_bottom,3,0.00041542617956153333,5.1939300456196156e-05,0.0003650110605715,0.0004687660650321,0.0004710962116201,6.415827019179375e-05,2.799625995002242e-08,5.278335382422202e-08,0.334,0.334,0.332,0.336,-3.3815061383236547,[*]CCOCCOCCOCCOCCON([*])CCCC,[*]CCOCCOCCOCCOCCON([*])CCCC,8,HIGH,-3.677506365695384,0.0002101326968504,2124,-3.2634070610552355,0.0005452465658765,2002,direct ACPYPE,neutral as built,18,100,100,arithmetic mean across three production replicas,reproducibility/data/generated_md/generated_md_replica_180.csv
912124,HIGH_bottom,3,0.00020889033651083332,3.56892963651844e-05,0.0001810437495017,0.000249122403628,0.00022635560907,3.960126216795139e-05,1.370758086540047e-08,2.502790812630633e-08,0.32866666666666666,0.328,0.326,0.332,-3.68008165047969,[*]COCCOCCOCCOCCOCC([*])CCCC,[*]COCCOCCOCCOCCOCC([*])CCCC,8,HIGH,-3.751025032773925,0.0001774087219392,2125,-3.4444412338549304,0.0003593840231729,2116,direct ACPYPE,neutral as built,18,100,100,arithmetic mean across three production replicas,reproducibility/data/generated_md/generated_md_replica_180.csv
912125,HIGH_bottom,3,0.00043372599752410004,6.93041107492642e-05,0.000388688943038,0.0005135315875227,0.0012642966452675,0.0002193669490409531,1.3162046810970132e-07,8.197547253310187e-08,0.33266666666666667,0.332,0.332,0.334,-3.3627845454720027,[*]CCNCNC[*],[*]CCNCNC[*],25,HIGH,-3.779402494430542,0.0001661871750806,2126,-3.4623063384693467,0.0003449003710033,2119,direct ACPYPE,neutral as built,19,100,100,arithmetic mean across three production replicas,reproducibility/data/generated_md/generated_md_replica_180.csv
920000,LOW_top,3,0.00010128413863483709,2.819273606696405e-05,8.232014846763299e-05,0.000133681318087,0.0002629908256162,6.810981744018765e-05,1.9935202240779208e-08,2.4671732412357987e-08,0.334,0.334,0.334,0.334,-3.9944585609844037,[*]NCC([*])=O,[*]NCC([*])=O,38,LOW,-3.268707513809204,0.0005386324155026,1,-3.3862597353501416,0.0004109039012887,2094,direct ACPYPE,neutralized after polymer charge repair,19,100,100,arithmetic mean across three production replicas,reproducibility/data/generated_md/generated_md_replica_180.csv
920001,LOW_top,3,0.0002681809263263667,1.899939468861885e-05,0.000251069929534,0.0002886270655847,0.0008812097675412,5.254218194578632e-05,8.330637869547743e-08,6.767686561686681e-08,0.33466666666666667,0.334,0.334,0.336,-3.5715721134559937,[*]OCC([*])=O,[*]OCC([*])=O,38,LOW,-3.3488731384277344,0.000447844104618,2,-3.23676006543046,0.0005797489017052,1962,direct ACPYPE,neutral as built,19,100,100,arithmetic mean across three production replicas,reproducibility/data/generated_md/generated_md_replica_180.csv
920002,LOW_top,3,0.0012586412752870334,6.590424819228118e-05,0.0011899644895685,0.0013213697061406,0.0013520083565272002,7.610937710350161e-05,7.778663863070398e-08,1.5391418783216122e-07,0.33266666666666667,0.332,0.332,0.334,-2.9000980303070523,[*]COCCOCC([*])=O,[*]COCCOCC([*])=O,19,LOW,-3.519493341445923,0.0003023476925763,3,-3.430817416085714,0.0003708365942812,2113,bonded fallback,neutral as built,19,100,100,arithmetic mean across three production replicas,reproducibility/data/generated_md/generated_md_replica_180.csv
920003,LOW_top,3,0.003601655813659633,0.00020737822509273832,0.0034803085619952,0.0038411082459196,0.007849474305603133,0.0004176430031030659,8.720274624157315e-07,4.870988138124566e-07,0.34400000000000003,0.344,0.342,0.346,-2.4434977921745813,[*]CNCC([*])=O,[*]CNCC([*])=O,30,LOW,-3.553183555603028,0.0002797798573438,4,-3.56396200027893,0.0002729216572237,2138,bonded fallback,neutral as built,20,100,100,arithmetic mean across three production replicas,reproducibility/data/generated_md/generated_md_replica_180.csv
920004,LOW_top,3,0.0008162192591922666,0.0001672696735841573,0.0006231604052198,0.0009177838503346,0.0013730857157869998,0.00026558540654355727,1.0275009849869813e-07,1.3507714615621925e-07,0.33666666666666667,0.336,0.336,0.338,-3.088193161998122,[*]COCCOC([*])=O,[*]COCCOC([*])=O,22,LOW,-3.5713706016540527,0.0002683053906322,5,-3.6262209636922536,0.000236471625281,2143,direct ACPYPE,neutral as built,19,100,100,arithmetic mean across three production replicas,reproducibility/data/generated_md/generated_md_replica_180.csv
920005,LOW_top,3,0.0006325398160188,3.2864079668432274e-05,0.0005946841028605,0.0006537603715338,0.0008080805191333667,4.262085156862821e-05,6.190708088871569e-08,7.588172360563171e-08,0.33666666666666667,0.336,0.336,0.338,-3.198912132076231,[*]CNCCOCC([*])=O,[*]CNCCOCC([*])=O,19,LOW,-3.583538055419922,0.0002608927103562,6,-3.5892639609870365,0.0002574755763746,2141,bonded fallback,neutral as built,19,100,100,arithmetic mean across three production replicas,reproducibility/data/generated_md/generated_md_replica_180.csv
920006,LOW_top,3,0.00022341169703366665,2.029352104727117e-06,0.0002213665714294,0.000225424898979,0.0007889105754206666,1.6556451400493196e-05,7.483741859874956e-08,6.033162121079408e-08,0.336,0.336,0.336,0.336,-3.6508940925266335,[*]COC([*])=O,[*]COC([*])=O,38,LOW,-3.619675874710083,0.0002400623898786,7,-3.678834910840448,0.0002094908645986,2151,direct ACPYPE,neutral as built,19,100,100,arithmetic mean across three production replicas,reproducibility/data/generated_md/generated_md_replica_180.csv
920007,LOW_top,3,0.0016903974369953667,0.0001476492911270893,0.0015454202536004,0.0018405811082763,0.0026344757823550335,0.0002738385983492716,1.8028525115354927e-07,2.733944690176625e-07,0.334,0.334,0.334,0.334,-2.7720111744387133,[*]COCCNC([*])=O,[*]COCCNC([*])=O,22,LOW,-3.688494920730591,0.0002048826011759,8,-3.7023641807725767,0.0001984430161222,2159,direct ACPYPE,neutralized after polymer charge repair,19,100,100,arithmetic mean across three production replicas,reproducibility/data/generated_md/generated_md_replica_180.csv
920008,LOW_top,3,0.00040384741246326665,9.170787363392825e-06,0.0003955506264575,0.00041369456387,0.0006430611649566333,1.946174028465969e-05,4.381212631083849e-08,6.639266840606888e-08,0.338,0.338,0.338,0.338,-3.393782695391357,[*]CCOCCOC([*])=O,[*]CCOCCOC([*])=O,19,LOW,-3.694777488708496,0.0002019400741035,9,-3.696158277178157,0.0002012990488479,2158,direct ACPYPE,neutral as built,19,100,100,arithmetic mean across three production replicas,reproducibility/data/generated_md/generated_md_replica_180.csv
920009,LOW_top,3,0.0007640361569220667,9.217870587709683e-05,0.0006905052369756,0.000867448572385,0.0026314202405549668,0.0003204796403882699,2.6576636758269893e-07,1.873901873423048e-07,0.33066666666666666,0.33,0.33,0.332,-3.1168860885706775,[*]CNCCOC([*])=O,[*]CNCCOC([*])=O,22,LOW,-3.698970317840576,0.0001999998556258,10,-3.8569420012395934,0.0001390138267725,2266,direct ACPYPE,neutral as built,19,100,100,arithmetic mean across three production replicas,reproducibility/data/generated_md/generated_md_replica_180.csv
923637,LOW_middle_stratified,3,1.6922452726679223e-05,2.3120416717501706e-06,1.5297358152741954e-05,1.9569349329135248e-05,5.4058456579430605e-05,5.89760620557823e-06,4.404502145983335e-09,4.829455439274032e-09,0.33266666666666667,0.332,0.332,0.334,-4.771536690442169,[*]NCCNC(=O)NC([*])(C)NC(=O)CN(CC)CC,[*]NCCNC(=O)NC([*])(C)NC(=O)CN(CC)CC,9,LOW,-4.2997366625057305,5.014912241631241e-05,3638,-4.096512549120218,8.007324906730743e-05,3847,direct ACPYPE,neutral as built,18,100,100,arithmetic mean across three production replicas,reproducibility/data/generated_md/generated_md_replica_180.csv
925927,LOW_middle_stratified,3,2.349129523683174e-05,1.5115838938022812e-06,2.180489444054684e-05,2.472427138296232e-05,7.014580334838573e-05,5.369824012609731e-06,5.557542040442437e-09,6.351751744485984e-09,0.332,0.332,0.33,0.334,-4.629093036917547,[*]CC(=O)CNCC=CCOC(=O)OC([*])(C)CC,[*]CC(=O)CNCC=CCOC(=O)OC([*])(C)CC,9,LOW,-4.352123684585912,4.4450465705557176e-05,5928,-4.378153474760788,4.186455943530428e-05,16207,direct ACPYPE,neutral as built,19,100,100,arithmetic mean across three production replicas,reproducibility/data/generated_md/generated_md_replica_180.csv
929539,LOW_middle_stratified,3,0.00014146741473136667,7.487028115713163e-06,0.0001329659661797,0.0001470781461388,0.0005053757181370666,2.796196869120121e-05,5.0276616700384655e-08,3.551585014223984e-08,0.32666666666666666,0.326,0.326,0.328,-3.8493435829810827,[*]CNC(=O)OC(CC)OC(=O)OC([*])(O)C#C,[*]CNC(=O)OC(CC)OC(=O)OC([*])(O)C#C,10,LOW,-4.408397538946777,3.904832965276624e-05,9540,-4.418406128599807,3.815872642654934e-05,19296,direct ACPYPE,neutral as built,18,100,100,arithmetic mean across three production replicas,reproducibility/data/generated_md/generated_md_replica_180.csv
937091,LOW_middle_stratified,3,6.07915317340532e-06,1.398269632034466e-06,4.9286741651489805e-06,7.635441352442607e-06,1.452471710482894e-05,3.08789532871182e-06,1.3045866986926846e-09,1.1492181382699469e-09,0.3293333333333333,0.33,0.328,0.33,-5.216156913775185,[*]COCC(CC(C)C)C([*])(O)CC(C)NC,[*]COCC(CC(C)C)C([*])(O)CC(C)NC,10,LOW,-4.489367280893373,3.240654407425381e-05,17092,-4.479118042862928,3.318042596575376e-05,24731,bonded fallback,neutral as built,19,100,100,arithmetic mean across three production replicas,reproducibility/data/generated_md/generated_md_replica_180.csv
940962,LOW_middle_stratified,3,1.170262178663621e-05,3.5495633545986343e-06,8.730501019177285e-06,1.563291489579078e-05,4.136239455915596e-05,1.2662963643973775e-05,4.391976637513947e-09,2.7500772921575246e-09,0.32866666666666666,0.33,0.326,0.33,-4.931716830568915,[*]CNC(=O)OC(C)(N)OC(C)C([*])(C)C#C,[*]CNC(=O)OC(C)(N)OC(C)C([*])(C)C#C,10,LOW,-4.5238570078846,2.993250006476451e-05,20963,-4.530075729143156,2.950694660925988e-05,29679,bonded fallback,neutral as built,20,100,100,arithmetic mean across three production replicas,reproducibility/data/generated_md/generated_md_replica_180.csv
946267,LOW_middle_stratified,3,2.869892872858147e-05,5.7670956704367725e-06,2.3103678212116217e-05,3.462373661906746e-05,0.00010094545900145871,1.865629213610382e-05,1.0557775165213568e-08,6.674996018042984e-09,0.33,0.33,0.328,0.332,-4.542134314274682,[*]CNC(=O)OC(C=C)NC(=O)C([*])(C)C#C,[*]CNC(=O)OC(C=C)NC(=O)C([*])(C)C#C,10,LOW,-4.564876913815418,2.7234730756790576e-05,26268,-4.501315885491002,3.152710654958055e-05,26903,bonded fallback,neutral as built,20,100,100,arithmetic mean across three production replicas,reproducibility/data/generated_md/generated_md_replica_180.csv
949935,LOW_middle_stratified,3,2.254833609418584e-05,1.6338954933513137e-06,2.147882945162537e-05,2.442909503927788e-05,6.494485879144115e-05,3.539728941872822e-06,6.353163688507001e-09,4.6172160872204925e-09,0.33,0.33,0.33,0.33,-4.646885500427933,[*]COC(=O)OCC(C)(O)NC([*])C(C)CC#C,[*]COC(=O)OCC(C)(O)NC([*])C(C)CC#C,10,LOW,-4.593370258471597,2.5505259204308463e-05,29936,-4.5536450740776,2.7948269725136016e-05,31891,direct ACPYPE,neutral as built,18,100,100,arithmetic mean across three production replicas,reproducibility/data/generated_md/generated_md_replica_180.csv
952800,LOW_middle_stratified,3,2.828381809852081e-05,6.260339748987189e-06,2.274285301847909e-05,3.507488930925491e-05,0.00010031709800238538,2.3562365938376697e-05,9.642921999848473e-09,7.714931800935488e-09,0.32866666666666666,0.328,0.328,0.33,-4.548461964493484,[*]COC(=O)OCC([*])(C)C(=O)C(=O)C(C)C#C,[*]COC(=O)OCC([*])(C)C(=O)C(=O)C(C)C#C,10,LOW,-4.615536434831348,2.423614628573802e-05,32801,-4.62546921065236,2.3688130630534816e-05,38157,direct ACPYPE,neutral as built,19,100,100,arithmetic mean across three production replicas,reproducibility/data/generated_md/generated_md_replica_180.csv
956920,LOW_middle_stratified,3,5.942252388849872e-05,1.6083858580499602e-05,4.1113579887185726e-05,7.127466784940159e-05,0.0002141879681762,4.84945403135776e-05,2.3444365128819006e-08,1.3221424720337317e-08,0.3293333333333333,0.33,0.328,0.33,-4.226048906090589,[*]OC(=O)OCCC(=O)C(=O)C([*])C(C)C,[*]OC(=O)OCCC(=O)C(=O)C([*])C(C)C,11,LOW,-4.653054190239046,2.223032488604936e-05,36921,-4.621782248948006,2.3890088085802785e-05,37865,bonded fallback,neutral as built,19,100,100,arithmetic mean across three production replicas,reproducibility/data/generated_md/generated_md_replica_180.csv
961779,LOW_middle_stratified,3,1.3206227812375291e-05,6.397126221722092e-06,5.918535870136811e-06,1.7894288087609644e-05,4.371879684254078e-05,2.028409041942818e-05,4.7996376428408e-09,2.6424887426032906e-09,0.33,0.33,0.33,0.33,-4.87922121525594,[*]COC(=O)OCC(C(=O)OC([*])C)C(C)(C)C,[*]COC(=O)OCC(C(=O)OC([*])C)C(C)(C)C,10,LOW,-4.715898991878766,1.923539053206024e-05,41780,-4.734100855353886,1.844587004622088e-05,43950,direct ACPYPE,neutral as built,18,100,100,arithmetic mean across three production replicas,reproducibility/data/generated_md/generated_md_replica_180.csv
964989,LOW_bottom,3,7.25264618897068e-06,4.225754727764445e-07,6.907380910848585e-06,7.723882153506663e-06,2.079329943003214e-05,1.519873451681745e-06,2.1417019161760934e-09,1.3620837164585463e-09,0.3233333333333333,0.324,0.322,0.324,-5.139503508520002,[*]COC(=O)OC(C)(CC)C([*])C=C(C)CCC,[*]COC(=O)OC(C)(CC)C([*])C=C(C)CCC,10,LOW,-4.953594210567943,1.1127709756031258e-05,44990,-4.877358866732512,1.326298056615739e-05,46570,direct ACPYPE,neutralized after polymer charge repair,18,100,100,arithmetic mean across three production replicas,reproducibility/data/generated_md/generated_md_replica_180.csv
964990,LOW_bottom,3,4.986369851420062e-06,2.6268833638883886e-06,3.036847268544021e-06,7.973601634968668e-06,1.641403253210918e-05,8.368568122631616e-06,1.7036955209822943e-09,1.0763024011159459e-09,0.3273333333333333,0.328,0.326,0.328,-5.302215511938592,[*]CCOC(=O)OC(C)(CC)C(=O)C([*])CCC,[*]CCOC(=O)OC(C)(CC)C(=O)C([*])CCC,10,LOW,-4.962217429469996,1.090894043763142e-05,44991,-4.724519867314696,1.8857327024445764e-05,43587,bonded fallback,neutral as built,18,100,100,arithmetic mean across three production replicas,reproducibility/data/generated_md/generated_md_replica_180.csv
964991,LOW_bottom,3,8.127613869458846e-06,9.27153031832029e-07,7.386738600449269e-06,9.16733516674259e-06,2.908453929465048e-05,2.689108250688392e-06,2.6785338892398107e-09,2.271880343225716e-09,0.3273333333333333,0.328,0.326,0.328,-5.090036937238638,[*]CNC(=O)OCC(C)(CC)C(=O)N([*])CCCC,[*]CNC(=O)OCC(C)(CC)C(=O)N([*])CCCC,9,LOW,-4.964883888321408,1.0842167482339828e-05,44992,-4.588552108082538,2.578979511406124e-05,35106,direct ACPYPE,neutral as built,19,100,100,arithmetic mean across three production replicas,reproducibility/data/generated_md/generated_md_replica_180.csv
964992,LOW_bottom,3,5.463236605583543e-06,1.123740158894457e-06,4.1735448795268255e-06,6.2318297252189575e-06,1.8944496251564496e-05,3.556915651468478e-06,2.2309587654488895e-09,9.779828289756205e-10,0.32066666666666666,0.32,0.32,0.322,-5.262549990355971,[*]OC(=O)OC(CC)C([*])(C)CCCC(C)CC,[*]OC(=O)OC(CC)C([*])(C)CCCC(C)CC,10,LOW,-4.974664466648941,1.0600724145642312e-05,44993,-4.882162385286483,1.3117093513975726e-05,46611,direct ACPYPE,neutral as built,18,100,100,arithmetic mean across three production replicas,reproducibility/data/generated_md/generated_md_replica_180.csv
964993,LOW_bottom,3,5.920463858861542e-06,7.1263410957847e-07,5.1167921430957485e-06,6.475372261941963e-06,2.017593577914107e-05,2.0330941249958777e-06,2.2602882989634465e-09,1.1386450695419321e-09,0.322,0.322,0.322,0.322,-5.227644265666937,[*]OC(=O)OCC(CC)C(C)C([*])(C)CCC,[*]OC(=O)OCC(CC)C(C)C([*])(C)CCC,10,LOW,-4.974820437609647,1.0596917723192553e-05,44994,-4.953390099004993,1.113294083343357e-05,46954,direct ACPYPE,neutral as built,19,100,100,arithmetic mean across three production replicas,reproducibility/data/generated_md/generated_md_replica_180.csv
964994,LOW_bottom,3,1.024386475790349e-05,1.7488676709439466e-06,8.766340290454783e-06,1.2174780176642552e-05,3.470358254236449e-05,5.204941483651646e-06,4.301842952833224e-09,1.640443672701398e-09,0.326,0.326,0.324,0.328,-4.989536163831483,[*]OC(=O)OC(CC)C(C)C([*])(C)CCC,[*]OC(=O)OC(CC)C(C)C([*])(C)CCC,11,LOW,-4.981583333289885,1.0433179196008907e-05,44995,-4.97783256261662,1.0523675241578285e-05,47013,direct ACPYPE,neutral as built,19,100,100,arithmetic mean across three production replicas,reproducibility/data/generated_md/generated_md_replica_180.csv
964995,LOW_bottom,3,5.533350219925113e-06,1.1846292051317139e-06,4.6423637265759855e-06,6.8777058894170205e-06,1.9783034467716096e-05,2.8384463459862594e-06,2.5041735963923824e-09,9.22055061167701e-10,0.32266666666666666,0.322,0.322,0.324,-5.257011841304468,[*]NC(=O)OCCC(C)(CC)C([*])C(C)CC,[*]NC(=O)OCCC(C)(CC)C([*])C(C)CC,10,LOW,-4.990424999221127,1.022292090779703e-05,44996,-4.9043095764405145,1.2464946635565548e-05,46761,direct ACPYPE,neutral as built,20,100,100,arithmetic mean across three production replicas,reproducibility/data/generated_md/generated_md_replica_180.csv
964996,LOW_bottom,3,5.742534411750271e-06,1.8245773476591623e-06,4.658250768401705e-06,7.849070439871898e-06,1.7974779456534664e-05,4.958363320466969e-06,2.1125462984549873e-09,9.243975545461559e-10,0.322,0.322,0.318,0.326,-5.240896393644738,[*]CNC(=O)OC(C)(C)CC(C)C([*])(CC)CC,[*]CNC(=O)OC(C)(C)CC(C)C([*])(CC)CC,10,LOW,-4.994641875104151,1.0124139599003984e-05,44997,-4.964558767034292,1.0850287178472893e-05,46986,direct ACPYPE,neutral as built,18,100,100,arithmetic mean across three production replicas,reproducibility/data/generated_md/generated_md_replica_180.csv
964997,LOW_bottom,3,4.378834247458401e-06,8.740013452122718e-07,3.7618130020696304e-06,5.3789675552109246e-06,1.4811043623067184e-05,2.508584455720905e-06,1.5623797334442326e-09,9.327585810263033e-10,0.322,0.322,0.322,0.322,-5.358641493898214,[*]OC(=O)OC(C)(CC)C(C)C([*])(C)CCC,[*]OC(=O)OC(C)(CC)C(C)C([*])(C)CCC,10,LOW,-5.007093776359792,9.83798653101796e-06,44998,-5.0216286428767525,9.514179857345845e-06,47061,direct ACPYPE,neutral as built,19,100,100,arithmetic mean across three production replicas,reproducibility/data/generated_md/generated_md_replica_180.csv
964998,LOW_bottom,3,7.350240925994322e-06,1.1568800892944587e-06,6.1310319872776976e-06,8.432623053264963e-06,2.6140628513537348e-05,2.961244210180562e-06,3.043506265684044e-09,1.3843628646213852e-09,0.32266666666666666,0.322,0.322,0.324,-5.13369842538995,[*]COC(=O)OC(C)(CC)CC(C)C([*])CCC,[*]COC(=O)OC(C)(CC)CC(C)C([*])CCC,10,LOW,-5.02598470174526,9.419227756705732e-06,44999,-4.9292115062829485,1.1770326058353824e-05,46877,direct ACPYPE,neutral as built,18,100,100,arithmetic mean across three production replicas,reproducibility/data/generated_md/generated_md_replica_180.csv
