candidate_id,reference_stratum,reference_conductivity_S_cm,reference_transference_number,reference_D_Li_cm2s,reference_D_TFSI_cm2s,SMILES,degree_of_polymerization,density_g_cm3,molality_mol_kg,run_status,analysis_status,analysis_attempts,analysis_last_stage,analysis_last_return_code,analysis_error_type,attempts_used,error_phase,error_type,has_completed_static_cNE0,sigma_static_cNE0_S_cm,sigma_NE_S_cm,cutoff_nm,abs_log10_error,protocol,association_filter,temperature_K,md_status,failure_stage,log10_reference_sigma_S_cm,log10_static_cNE0_S_cm,MALogE_component,source_selection_file,source_status_file,source_completed_file
27622,bottom,2.48e-06,0.0669,2.31e-09,3.62e-09,*OC(C1=O)=C(C1=O)OC1=C(OCC)C=C(C(OCC)=C1)*,19.0,1.43,1.35,failed,,,,,,0,pysoftk,,False,,,,,,,,failed,pysoftk,-5.605548319173784,,,MY_PAPER_RELATED/machine_readable/reference_selection_manifest_120.csv,MY_PAPER_RELATED/machine_readable/reference_run_status_120.csv,MY_PAPER_RELATED/gromacs_eval_pred_conductivity/reproducibility/static_cne0_release/data/reference/reference_static_cNE0_reassessment_108.csv
27655,bottom,5.71e-06,0.372,2.5e-09,2.45e-09,CCN(CCOC(=O)*)C(=O)C(C)(C)O*,19.0,1.31,1.44,ok,ok,1.0,conductivity-analysis,0.0,,1,,,True,1.542858896657882e-05,5.676178282552116e-05,0.33,0.4316901008989608,manuscript_static_cNE0,Li_TFSI_O_contacts_ge_2,353.0,completed,,-5.243363891754152,-4.811673790855191,0.4316901008989608,MY_PAPER_RELATED/machine_readable/reference_selection_manifest_120.csv,MY_PAPER_RELATED/machine_readable/reference_run_status_120.csv,MY_PAPER_RELATED/gromacs_eval_pred_conductivity/reproducibility/static_cne0_release/data/reference/reference_static_cNE0_reassessment_108.csv
27659,bottom,6.01e-06,0.279,2.67e-09,3.17e-09,C=CC(OC(=O)*)C(=O)N(C)C(C)CCO*,17.0,1.3,1.37,ok,ok,1.0,conductivity-analysis,0.0,,1,,,True,1.7918038783000185e-05,6.766442532514318e-05,0.33,0.4744160002690699,manuscript_static_cNE0,Li_TFSI_O_contacts_ge_2,353.0,completed,,-5.221125527997261,-4.746709527728191,0.4744160002690699,MY_PAPER_RELATED/machine_readable/reference_selection_manifest_120.csv,MY_PAPER_RELATED/machine_readable/reference_run_status_120.csv,MY_PAPER_RELATED/gromacs_eval_pred_conductivity/reproducibility/static_cne0_release/data/reference/reference_static_cNE0_reassessment_108.csv
27650,bottom,6.87e-06,0.0907,3.82e-09,5.36e-09,C=C(C)C(=O)OCC(COC(=O)*)O*,31.0,1.38,1.44,ok,ok,1.0,conductivity-analysis,0.0,,1,,,True,3.516760817047486e-05,0.0001176694278599,0.328,0.7091860949000481,manuscript_static_cNE0,Li_TFSI_O_contacts_ge_2,353.0,completed,,-5.16304326294045,-4.453857168040401,0.7091860949000481,MY_PAPER_RELATED/machine_readable/reference_selection_manifest_120.csv,MY_PAPER_RELATED/machine_readable/reference_run_status_120.csv,MY_PAPER_RELATED/gromacs_eval_pred_conductivity/reproducibility/static_cne0_release/data/reference/reference_static_cNE0_reassessment_108.csv
26854,bottom,6.92e-06,-1.64,1.07e-08,3e-08,CCCC(OC(=O)*)C(C)C(C)O*,26.0,1.18,1.39,failed,,,,,,0,pysoftk,,False,,,,,,,,failed,pysoftk,-5.1598939055432425,,,MY_PAPER_RELATED/machine_readable/reference_selection_manifest_120.csv,MY_PAPER_RELATED/machine_readable/reference_run_status_120.csv,MY_PAPER_RELATED/gromacs_eval_pred_conductivity/reproducibility/static_cne0_release/data/reference/reference_static_cNE0_reassessment_108.csv
27607,bottom,7.29e-06,-0.375,3.06e-09,5.56e-09,CC(OC(=O)*)C(=O)OCC(C)(C)CO*,17.0,1.29,1.44,ok,ok,1.0,conductivity-analysis,0.0,,1,,,True,2.1059220186002084e-05,6.822251645697561e-05,0.328,0.4607147570886388,manuscript_static_cNE0,Li_TFSI_O_contacts_ge_2,353.0,completed,,-5.137272471682025,-4.676557714593387,0.4607147570886388,MY_PAPER_RELATED/machine_readable/reference_selection_manifest_120.csv,MY_PAPER_RELATED/machine_readable/reference_run_status_120.csv,MY_PAPER_RELATED/gromacs_eval_pred_conductivity/reproducibility/static_cne0_release/data/reference/reference_static_cNE0_reassessment_108.csv
26640,bottom,7.67e-06,0.206,1.27e-08,3.25e-08,CCCC(OC(=O)*)C(C)(C)CO*,26.0,1.17,1.39,ok,ok,1.0,conductivity-analysis,0.0,,1,,,True,3.8466636883081145e-05,0.0001318693080262,0.326,0.700288853889756,manuscript_static_cNE0,Li_TFSI_O_contacts_ge_2,353.0,completed,,-5.115204636051019,-4.4149157821612635,0.700288853889756,MY_PAPER_RELATED/machine_readable/reference_selection_manifest_120.csv,MY_PAPER_RELATED/machine_readable/reference_run_status_120.csv,MY_PAPER_RELATED/gromacs_eval_pred_conductivity/reproducibility/static_cne0_release/data/reference/reference_static_cNE0_reassessment_108.csv
27601,bottom,7.75e-06,1.1,9.45e-09,4.52e-09,*C1N(C(=O)C)C(=O)N(C(=O)C)C1*,76.0,1.53,1.3,ok,ok,1.0,conductivity-analysis,0.0,,1,,,True,1.2232411525344643e-05,3.358171195341903e-05,0.332,0.1982103807694369,manuscript_static_cNE0,Li_TFSI_O_contacts_ge_2,353.0,completed,,-5.110698297493689,-4.912487916724253,0.1982103807694369,MY_PAPER_RELATED/machine_readable/reference_selection_manifest_120.csv,MY_PAPER_RELATED/machine_readable/reference_run_status_120.csv,MY_PAPER_RELATED/gromacs_eval_pred_conductivity/reproducibility/static_cne0_release/data/reference/reference_static_cNE0_reassessment_108.csv
27053,bottom,8.21e-06,-0.643,6.77e-09,1.12e-08,CCC(C)C(C)(CO*)COC(=O)*,26.0,1.21,1.39,ok,ok,1.0,conductivity-analysis,0.0,,1,,,True,2.1008721989476687e-05,6.956938991186091e-05,0.328,0.4080564769238401,manuscript_static_cNE0,Li_TFSI_O_contacts_ge_2,353.0,completed,,-5.085656842880559,-4.677600365956719,0.4080564769238401,MY_PAPER_RELATED/machine_readable/reference_selection_manifest_120.csv,MY_PAPER_RELATED/machine_readable/reference_run_status_120.csv,MY_PAPER_RELATED/gromacs_eval_pred_conductivity/reproducibility/static_cne0_release/data/reference/reference_static_cNE0_reassessment_108.csv
14027,bottom,8.24e-06,-0.147,1.05e-08,1.68e-08,C=CCC(C)(CCC(C)(CC=C)OC(=O)*)O*,22.0,1.18,1.44,ok,ok,1.0,conductivity-analysis,0.0,,1,,,True,2.0671050808642384e-05,7.704356864597833e-05,0.326,0.3994353427625495,manuscript_static_cNE0,Li_TFSI_O_contacts_ge_2,353.0,completed,,-5.084072788302884,-4.684637445540335,0.3994353427625495,MY_PAPER_RELATED/machine_readable/reference_selection_manifest_120.csv,MY_PAPER_RELATED/machine_readable/reference_run_status_120.csv,MY_PAPER_RELATED/gromacs_eval_pred_conductivity/reproducibility/static_cne0_release/data/reference/reference_static_cNE0_reassessment_108.csv
25052,middle_stratified,1.08e-05,-0.77,6.84e-09,1.2e-08,CCC(CO*)N(C)CC(C)(C)OC(=O)*,19.0,1.2,1.44,failed,,,,,,0,pysoftk,,False,,,,,,,,failed,pysoftk,-4.966576244513051,,,MY_PAPER_RELATED/machine_readable/reference_selection_manifest_120.csv,MY_PAPER_RELATED/machine_readable/reference_run_status_120.csv,MY_PAPER_RELATED/gromacs_eval_pred_conductivity/reproducibility/static_cne0_release/data/reference/reference_static_cNE0_reassessment_108.csv
26556,middle_stratified,1.74e-05,-0.616,1.25e-08,1.71e-08,CCC(C)(O*)C(C)(CC)OC(=O)*,31.0,1.22,1.33,ok,ok,1.0,conductivity-analysis,0.0,,1,,,True,1.6184565956413712e-05,5.108757715538588e-05,0.328,0.0314481914554736,manuscript_static_cNE0,Li_TFSI_O_contacts_ge_2,353.0,completed,,-4.7594507517174005,-4.790898943172874,0.0314481914554736,MY_PAPER_RELATED/machine_readable/reference_selection_manifest_120.csv,MY_PAPER_RELATED/machine_readable/reference_run_status_120.csv,MY_PAPER_RELATED/gromacs_eval_pred_conductivity/reproducibility/static_cne0_release/data/reference/reference_static_cNE0_reassessment_108.csv
14275,middle_stratified,1.9e-05,0.0696,2.1e-08,2.25e-08,C[Si](C)(C)CC(CO*)OC(=O)*,31.0,1.22,1.31,failed,,,,,,0,pysoftk,,False,,,,,,,,failed,pysoftk,-4.721246399047171,,,MY_PAPER_RELATED/machine_readable/reference_selection_manifest_120.csv,MY_PAPER_RELATED/machine_readable/reference_run_status_120.csv,MY_PAPER_RELATED/gromacs_eval_pred_conductivity/reproducibility/static_cne0_release/data/reference/reference_static_cNE0_reassessment_108.csv
14224,middle_stratified,1.96e-05,-0.243,1.7e-08,2.46e-08,CCC(NC(C)C(C)OC(=O)*)C(C)(C)O*,19.0,1.17,1.35,ok,ok,1.0,conductivity-analysis,0.0,,1,,,True,2.2522533128697946e-05,7.943389752463537e-05,0.326,0.0603611630442895,manuscript_static_cNE0,Li_TFSI_O_contacts_ge_2,353.0,completed,,-4.707743928643524,-4.647382765599234,0.0603611630442895,MY_PAPER_RELATED/machine_readable/reference_selection_manifest_120.csv,MY_PAPER_RELATED/machine_readable/reference_run_status_120.csv,MY_PAPER_RELATED/gromacs_eval_pred_conductivity/reproducibility/static_cne0_release/data/reference/reference_static_cNE0_reassessment_108.csv
26927,middle_stratified,1.99e-05,-0.0558,1.53e-08,3.09e-08,CC(CO*)(COC(=O)*)C(=O)OCCCF,26.0,1.38,1.45,ok,ok,1.0,conductivity-analysis,0.0,,1,,,True,0.0001086561274766,0.0003426593196581,0.336,0.7372011462327431,manuscript_static_cNE0,Li_TFSI_O_contacts_ge_2,353.0,completed,,-4.701146923590294,-3.9639457773578233,0.7372011462327431,MY_PAPER_RELATED/machine_readable/reference_selection_manifest_120.csv,MY_PAPER_RELATED/machine_readable/reference_run_status_120.csv,MY_PAPER_RELATED/gromacs_eval_pred_conductivity/reproducibility/static_cne0_release/data/reference/reference_static_cNE0_reassessment_108.csv
27443,middle_stratified,2.29e-05,-0.277,1.5e-08,2.03e-08,CC(C)(CCCC(C)(O*)C(=O)O)OC(=O)*,19.0,1.29,1.34,ok,ok,1.0,conductivity-analysis,0.0,,1,,,True,1.799223956690352e-05,5.74644975150928e-05,0.328,0.1047502572371467,manuscript_static_cNE0,Li_TFSI_O_contacts_ge_2,353.0,completed,,-4.640164517660112,-4.744914774897259,0.1047502572371467,MY_PAPER_RELATED/machine_readable/reference_selection_manifest_120.csv,MY_PAPER_RELATED/machine_readable/reference_run_status_120.csv,MY_PAPER_RELATED/gromacs_eval_pred_conductivity/reproducibility/static_cne0_release/data/reference/reference_static_cNE0_reassessment_108.csv
28620,middle_stratified,2.51e-05,-0.528,2.62e-08,3.38e-08,CC(C)CCNCC(CO*)OC(=O)*,31.0,1.21,1.43,ok,ok,1.0,conductivity-analysis,0.0,,1,,,True,0.0001290178336164,0.0004332413521972,0.326,0.7109760237477027,manuscript_static_cNE0,Li_TFSI_O_contacts_ge_2,353.0,completed,,-4.600326278518962,-3.8893502547713923,0.7109760237477027,MY_PAPER_RELATED/machine_readable/reference_selection_manifest_120.csv,MY_PAPER_RELATED/machine_readable/reference_run_status_120.csv,MY_PAPER_RELATED/gromacs_eval_pred_conductivity/reproducibility/static_cne0_release/data/reference/reference_static_cNE0_reassessment_108.csv
27761,middle_stratified,2.61e-05,0.267,1.73e-08,1.34e-08,CC(CO*)(COC(=O)*)C(=O)OCC(=O)O,26.0,1.49,1.46,ok,ok,1.0,conductivity-analysis,0.0,,1,,,True,2.9921309763144643e-05,8.386805636168567e-05,0.334,0.0593400928988094,manuscript_static_cNE0,Li_TFSI_O_contacts_ge_2,353.0,completed,,-4.583359492661719,-4.52401939976291,0.0593400928988094,MY_PAPER_RELATED/machine_readable/reference_selection_manifest_120.csv,MY_PAPER_RELATED/machine_readable/reference_run_status_120.csv,MY_PAPER_RELATED/gromacs_eval_pred_conductivity/reproducibility/static_cne0_release/data/reference/reference_static_cNE0_reassessment_108.csv
29121,middle_stratified,2.67e-05,-0.565,1.76e-08,4.1e-08,CCCC(CNC(C)(C)CO*)OC(=O)*,19.0,1.18,1.44,ok,ok,1.0,conductivity-analysis,0.0,,1,,,True,5.837617075498742e-05,0.0001913070495698,0.33,0.3397243422281298,manuscript_static_cNE0,Li_TFSI_O_contacts_ge_2,353.0,completed,,-4.573488738635425,-4.233764396407295,0.3397243422281298,MY_PAPER_RELATED/machine_readable/reference_selection_manifest_120.csv,MY_PAPER_RELATED/machine_readable/reference_run_status_120.csv,MY_PAPER_RELATED/gromacs_eval_pred_conductivity/reproducibility/static_cne0_release/data/reference/reference_static_cNE0_reassessment_108.csv
24453,middle_stratified,2.69e-05,-0.351,2.86e-08,4.48e-08,CCCC(CC)NC(C)(CO*)COC(=O)*,26.0,1.2,1.48,ok,ok,1.0,conductivity-analysis,0.0,,1,,,True,3.661607784592035e-05,0.0001230518701342,0.326,0.133919542729532,manuscript_static_cNE0,Li_TFSI_O_contacts_ge_2,353.0,completed,,-4.570247719997592,-4.43632817726806,0.133919542729532,MY_PAPER_RELATED/machine_readable/reference_selection_manifest_120.csv,MY_PAPER_RELATED/machine_readable/reference_run_status_120.csv,MY_PAPER_RELATED/gromacs_eval_pred_conductivity/reproducibility/static_cne0_release/data/reference/reference_static_cNE0_reassessment_108.csv
27225,middle_stratified,2.82e-05,0.345,1.25e-08,1.66e-08,CCC=C(F)C(=O)NCC(COC(=O)*)O*,31.0,1.42,1.48,ok,ok,1.0,conductivity-analysis,0.0,,1,,,True,2.1133280396882216e-05,7.004079254748444e-05,0.328,0.1252821930139504,manuscript_static_cNE0,Li_TFSI_O_contacts_ge_2,353.0,completed,,-4.549750891680639,-4.675033084694589,0.1252821930139504,MY_PAPER_RELATED/machine_readable/reference_selection_manifest_120.csv,MY_PAPER_RELATED/machine_readable/reference_run_status_120.csv,MY_PAPER_RELATED/gromacs_eval_pred_conductivity/reproducibility/static_cne0_release/data/reference/reference_static_cNE0_reassessment_108.csv
26491,middle_stratified,2.87e-05,0.185,8.05e-09,1.08e-08,CC(C)(CN*)CNC(=O)*,26.0,1.26,1.49,ok,ok,1.0,conductivity-analysis,0.0,,1,,,True,2.7888385324016863e-05,0.0001021471751995,0.33,0.0124585264324247,manuscript_static_cNE0,Li_TFSI_O_contacts_ge_2,353.0,completed,,-4.542118103266008,-4.554576629698432,0.0124585264324247,MY_PAPER_RELATED/machine_readable/reference_selection_manifest_120.csv,MY_PAPER_RELATED/machine_readable/reference_run_status_120.csv,MY_PAPER_RELATED/gromacs_eval_pred_conductivity/reproducibility/static_cne0_release/data/reference/reference_static_cNE0_reassessment_108.csv
29471,middle_stratified,3.08e-05,-0.264,1.87e-08,3.63e-08,CN(C)C(=S)SCC(COC(=O)*)O*,31.0,1.46,1.45,ok,ok,1.0,conductivity-analysis,0.0,,1,,,True,4.903287786926079e-05,0.0001661401431544,0.324,0.2019366673853544,manuscript_static_cNE0,Li_TFSI_O_contacts_ge_2,353.0,completed,,-4.511449283499556,-4.309512616114201,0.2019366673853544,MY_PAPER_RELATED/machine_readable/reference_selection_manifest_120.csv,MY_PAPER_RELATED/machine_readable/reference_run_status_120.csv,MY_PAPER_RELATED/gromacs_eval_pred_conductivity/reproducibility/static_cne0_release/data/reference/reference_static_cNE0_reassessment_108.csv
13414,middle_stratified,3.15e-05,-1.16,3.31e-08,5.36e-08,CCCCCCCC(CO*)OC(=O)*,31.0,1.12,1.44,ok,ok,1.0,conductivity-analysis,0.0,,1,,,True,0.0002595271840389,0.0009254865862394,0.328,0.9158723007255124,manuscript_static_cNE0,Li_TFSI_O_contacts_ge_2,353.0,completed,,-4.501689446210399,-3.58581714548501,0.9158723007255124,MY_PAPER_RELATED/machine_readable/reference_selection_manifest_120.csv,MY_PAPER_RELATED/machine_readable/reference_run_status_120.csv,MY_PAPER_RELATED/gromacs_eval_pred_conductivity/reproducibility/static_cne0_release/data/reference/reference_static_cNE0_reassessment_108.csv
26742,middle_stratified,3.18e-05,-0.0338,1.3e-08,2.36e-08,C#CCN(CC)CC(O*)C(C)(C)OC(=O)*,31.0,1.22,1.27,ok,ok,1.0,conductivity-analysis,0.0,,1,,,True,3.335728477806054e-05,0.0001169578701967,0.326,0.0207635726438358,manuscript_static_cNE0,Li_TFSI_O_contacts_ge_2,353.0,completed,,-4.497572880015567,-4.476809307371731,0.0207635726438358,MY_PAPER_RELATED/machine_readable/reference_selection_manifest_120.csv,MY_PAPER_RELATED/machine_readable/reference_run_status_120.csv,MY_PAPER_RELATED/gromacs_eval_pred_conductivity/reproducibility/static_cne0_release/data/reference/reference_static_cNE0_reassessment_108.csv
27817,middle_stratified,3.2e-05,-0.174,1.21e-08,1.85e-08,CCOC(=O)CCNCC(CO*)OC(=O)*,31.0,1.35,1.48,ok,ok,1.0,conductivity-analysis,0.0,,1,,,True,4.067208444555657e-05,0.0001299392822273,0.33,0.1041464522603704,manuscript_static_cNE0,Li_TFSI_O_contacts_ge_2,353.0,completed,,-4.494850021680094,-4.390703569419723,0.1041464522603704,MY_PAPER_RELATED/machine_readable/reference_selection_manifest_120.csv,MY_PAPER_RELATED/machine_readable/reference_run_status_120.csv,MY_PAPER_RELATED/gromacs_eval_pred_conductivity/reproducibility/static_cne0_release/data/reference/reference_static_cNE0_reassessment_108.csv
27434,middle_stratified,3.21e-05,-0.0479,2.51e-08,2.52e-08,CCCOC(=O)N(CCO*)CCOC(=O)*,19.0,1.31,1.34,ok,ok,1.0,conductivity-analysis,0.0,,1,,,True,0.0006546331112793,0.0019928136388634,0.328,1.3094929356955056,manuscript_static_cNE0,Li_TFSI_O_contacts_ge_2,353.0,completed,,-4.493494967595128,-3.1840020318996736,1.3094929356955056,MY_PAPER_RELATED/machine_readable/reference_selection_manifest_120.csv,MY_PAPER_RELATED/machine_readable/reference_run_status_120.csv,MY_PAPER_RELATED/gromacs_eval_pred_conductivity/reproducibility/static_cne0_release/data/reference/reference_static_cNE0_reassessment_108.csv
29099,middle_stratified,3.28e-05,0.0346,1.07e-08,2.08e-08,CC(C)C(=O)NCC(C)(CO*)COC(=O)*,26.0,1.28,1.48,ok,ok,1.0,conductivity-analysis,0.0,,1,,,True,2.9156590590500072e-05,9.442661552476812e-05,0.33,0.0511371050774253,manuscript_static_cNE0,Li_TFSI_O_contacts_ge_2,353.0,completed,,-4.484126156288321,-4.535263261365746,0.0511371050774253,MY_PAPER_RELATED/machine_readable/reference_selection_manifest_120.csv,MY_PAPER_RELATED/machine_readable/reference_run_status_120.csv,MY_PAPER_RELATED/gromacs_eval_pred_conductivity/reproducibility/static_cne0_release/data/reference/reference_static_cNE0_reassessment_108.csv
9438,middle_stratified,3.39e-05,0.169,2.27e-08,3.51e-08,CCCN(CC(C)OC(=O)*)C(C)CO*,19.0,1.2,1.44,ok,ok,1.0,conductivity-analysis,0.0,,1,,,True,2.662511460168437e-05,9.266586542434248e-05,0.328,0.104908212431517,manuscript_static_cNE0,Li_TFSI_O_contacts_ge_2,353.0,completed,,-4.4698003017969175,-4.574708514228435,0.104908212431517,MY_PAPER_RELATED/machine_readable/reference_selection_manifest_120.csv,MY_PAPER_RELATED/machine_readable/reference_run_status_120.csv,MY_PAPER_RELATED/gromacs_eval_pred_conductivity/reproducibility/static_cne0_release/data/reference/reference_static_cNE0_reassessment_108.csv
27141,middle_stratified,3.52e-05,-0.142,7.39e-09,1.76e-08,CC(C)(F)CNC(=O)C(COC(=O)*)N*,31.0,1.38,1.31,ok,ok,1.0,conductivity-analysis,0.0,,1,,,True,1.942979030534128e-05,6.26074453016347e-05,0.334,0.2580745499460066,manuscript_static_cNE0,Li_TFSI_O_contacts_ge_2,353.0,completed,,-4.453457336521869,-4.711531886467875,0.2580745499460066,MY_PAPER_RELATED/machine_readable/reference_selection_manifest_120.csv,MY_PAPER_RELATED/machine_readable/reference_run_status_120.csv,MY_PAPER_RELATED/gromacs_eval_pred_conductivity/reproducibility/static_cne0_release/data/reference/reference_static_cNE0_reassessment_108.csv
9826,middle_stratified,3.53e-05,0.206,1.29e-08,1.46e-08,C=CCCCC(N*)C(=O)N(C)CCNC(=O)*,19.0,1.28,1.45,ok,ok,1.0,conductivity-analysis,0.0,,1,,,True,2.5558323066282542e-05,9.370971425190772e-05,0.33,0.1402423499136491,manuscript_static_cNE0,Li_TFSI_O_contacts_ge_2,353.0,completed,,-4.452225294612178,-4.592467644525827,0.1402423499136491,MY_PAPER_RELATED/machine_readable/reference_selection_manifest_120.csv,MY_PAPER_RELATED/machine_readable/reference_run_status_120.csv,MY_PAPER_RELATED/gromacs_eval_pred_conductivity/reproducibility/static_cne0_release/data/reference/reference_static_cNE0_reassessment_108.csv
14268,middle_stratified,3.55e-05,0.0382,8.22e-09,2.36e-08,C=CC(O*)C(=O)N(CC)CCOC(=O)*,19.0,1.35,1.46,ok,ok,1.0,conductivity-analysis,0.0,,1,,,True,2.551275145903722e-05,7.82069754818896e-05,0.33,0.143471054812237,manuscript_static_cNE0,Li_TFSI_O_contacts_ge_2,353.0,completed,,-4.449771646944906,-4.593242701757143,0.143471054812237,MY_PAPER_RELATED/machine_readable/reference_selection_manifest_120.csv,MY_PAPER_RELATED/machine_readable/reference_run_status_120.csv,MY_PAPER_RELATED/gromacs_eval_pred_conductivity/reproducibility/static_cne0_release/data/reference/reference_static_cNE0_reassessment_108.csv
26662,middle_stratified,3.67e-05,0.0683,1.19e-08,1.97e-08,COC(=O)C(CSCCCOC(=O)*)N*,17.0,1.41,1.48,ok,ok,1.0,conductivity-analysis,0.0,,1,,,True,9.292451333835844e-05,0.0003243419960975,0.328,0.4034642310468128,manuscript_static_cNE0,Li_TFSI_O_contacts_ge_2,353.0,completed,,-4.435333935747911,-4.031869704701098,0.4034642310468128,MY_PAPER_RELATED/machine_readable/reference_selection_manifest_120.csv,MY_PAPER_RELATED/machine_readable/reference_run_status_120.csv,MY_PAPER_RELATED/gromacs_eval_pred_conductivity/reproducibility/static_cne0_release/data/reference/reference_static_cNE0_reassessment_108.csv
9511,middle_stratified,3.83e-05,0.213,1.71e-08,2.17e-08,CN(CC(=O)O)CC(COC(=O)*)O*,31.0,1.43,1.41,ok,ok,1.0,conductivity-analysis,0.0,,1,,,True,8.49672764959003e-05,0.0002394353766997,0.332,0.3460529238212408,manuscript_static_cNE0,Li_TFSI_O_contacts_ge_2,353.0,completed,,-4.416801226031377,-4.070748302210136,0.3460529238212408,MY_PAPER_RELATED/machine_readable/reference_selection_manifest_120.csv,MY_PAPER_RELATED/machine_readable/reference_run_status_120.csv,MY_PAPER_RELATED/gromacs_eval_pred_conductivity/reproducibility/static_cne0_release/data/reference/reference_static_cNE0_reassessment_108.csv
13773,middle_stratified,3.92e-05,0.348,1.19e-08,1.43e-08,CC(N*)C(=O)NCCC(OC(=O)*)C(C)C,17.0,1.26,1.36,ok,ok,1.0,conductivity-analysis,0.0,,1,,,True,1.798013707170679e-05,7.163812650026796e-05,0.33,0.3384930687634602,manuscript_static_cNE0,Li_TFSI_O_contacts_ge_2,353.0,completed,,-4.406713932979542,-4.745207001743003,0.3384930687634602,MY_PAPER_RELATED/machine_readable/reference_selection_manifest_120.csv,MY_PAPER_RELATED/machine_readable/reference_run_status_120.csv,MY_PAPER_RELATED/gromacs_eval_pred_conductivity/reproducibility/static_cne0_release/data/reference/reference_static_cNE0_reassessment_108.csv
24372,middle_stratified,3.96e-05,0.185,9.67e-09,1.2e-08,CC(CN(C)C(=O)CO*)OC(=O)*,19.0,1.38,1.37,ok,ok,1.0,conductivity-analysis,0.0,,1,,,True,1.389623086568237e-05,4.336997985857594e-05,0.336,0.4547981652548177,manuscript_static_cNE0,Li_TFSI_O_contacts_ge_2,353.0,completed,,-4.402304814074488,-4.857102979329305,0.4547981652548177,MY_PAPER_RELATED/machine_readable/reference_selection_manifest_120.csv,MY_PAPER_RELATED/machine_readable/reference_run_status_120.csv,MY_PAPER_RELATED/gromacs_eval_pred_conductivity/reproducibility/static_cne0_release/data/reference/reference_static_cNE0_reassessment_108.csv
25176,middle_stratified,4.01e-05,0.0181,1.02e-08,1.55e-08,CC(C)C(CNCC(C)(C)N*)NC(=O)*,19.0,1.19,1.46,ok,ok,1.0,conductivity-analysis,0.0,,1,,,True,1.803773270290931e-05,6.824637758215202e-05,0.33,0.3469624256946515,manuscript_static_cNE0,Li_TFSI_O_contacts_ge_2,353.0,completed,,-4.396855627379818,-4.743818053074469,0.3469624256946515,MY_PAPER_RELATED/machine_readable/reference_selection_manifest_120.csv,MY_PAPER_RELATED/machine_readable/reference_run_status_120.csv,MY_PAPER_RELATED/gromacs_eval_pred_conductivity/reproducibility/static_cne0_release/data/reference/reference_static_cNE0_reassessment_108.csv
14094,middle_stratified,4.05e-05,0.193,1.28e-08,2.55e-08,CCC(CC)(COC(=O)*)N*,31.0,1.22,1.4,ok,ok,1.0,conductivity-analysis,0.0,,1,,,True,1.633084416492464e-05,5.378695287436774e-05,0.324,0.3944463885886577,manuscript_static_cNE0,Li_TFSI_O_contacts_ge_2,353.0,completed,,-4.392544976785332,-4.786991365373989,0.3944463885886577,MY_PAPER_RELATED/machine_readable/reference_selection_manifest_120.csv,MY_PAPER_RELATED/machine_readable/reference_run_status_120.csv,MY_PAPER_RELATED/gromacs_eval_pred_conductivity/reproducibility/static_cne0_release/data/reference/reference_static_cNE0_reassessment_108.csv
28311,middle_stratified,4.13e-05,-0.114,1.71e-08,3.06e-08,CC(C)(C)N(CCO*)CCOC(=O)*,19.0,1.23,1.39,ok,ok,1.0,conductivity-analysis,0.0,,1,,,True,9.48686376508237e-05,0.0003043099493847,0.33,0.3611726123376056,manuscript_static_cNE0,Li_TFSI_O_contacts_ge_2,353.0,completed,,-4.384049948343599,-4.022877336005993,0.3611726123376056,MY_PAPER_RELATED/machine_readable/reference_selection_manifest_120.csv,MY_PAPER_RELATED/machine_readable/reference_run_status_120.csv,MY_PAPER_RELATED/gromacs_eval_pred_conductivity/reproducibility/static_cne0_release/data/reference/reference_static_cNE0_reassessment_108.csv
27337,middle_stratified,4.15e-05,0.298,1.32e-08,1.75e-08,CC(N*)C(=O)NOC(COC(=O)*)C(C)C,17.0,1.32,1.5,ok,ok,1.0,conductivity-analysis,0.0,,1,,,True,2.012097685114425e-05,6.317167023995887e-05,0.332,0.3143990353002106,manuscript_static_cNE0,Li_TFSI_O_contacts_ge_2,353.0,completed,,-4.3819519032879075,-4.696350938588118,0.3143990353002106,MY_PAPER_RELATED/machine_readable/reference_selection_manifest_120.csv,MY_PAPER_RELATED/machine_readable/reference_run_status_120.csv,MY_PAPER_RELATED/gromacs_eval_pred_conductivity/reproducibility/static_cne0_release/data/reference/reference_static_cNE0_reassessment_108.csv
9465,middle_stratified,4.19e-05,-0.00734,8.78e-09,1.92e-08,CCC(C)(CO*)NC(=O)COC(=O)*,19.0,1.35,1.39,ok,ok,1.0,conductivity-analysis,0.0,,1,,,True,2.568767576548417e-05,7.610540462184161e-05,0.332,0.2124892121171979,manuscript_static_cNE0,Li_TFSI_O_contacts_ge_2,353.0,completed,,-4.377785977033705,-4.590275189150903,0.2124892121171979,MY_PAPER_RELATED/machine_readable/reference_selection_manifest_120.csv,MY_PAPER_RELATED/machine_readable/reference_run_status_120.csv,MY_PAPER_RELATED/gromacs_eval_pred_conductivity/reproducibility/static_cne0_release/data/reference/reference_static_cNE0_reassessment_108.csv
13352,middle_stratified,4.2e-05,-0.169,2.14e-08,3.72e-08,CCC(CNCC(C)(C)CO*)OC(=O)*,17.0,1.18,1.45,ok,ok,1.0,conductivity-analysis,0.0,,1,,,True,8.228222121759492e-05,0.0002836625774436,0.328,0.2920567166102487,manuscript_static_cNE0,Li_TFSI_O_contacts_ge_2,353.0,completed,,-4.376750709602099,-4.084693992991851,0.2920567166102487,MY_PAPER_RELATED/machine_readable/reference_selection_manifest_120.csv,MY_PAPER_RELATED/machine_readable/reference_run_status_120.csv,MY_PAPER_RELATED/gromacs_eval_pred_conductivity/reproducibility/static_cne0_release/data/reference/reference_static_cNE0_reassessment_108.csv
14954,middle_stratified,4.23e-05,-0.467,1.89e-08,3.6e-08,CC(C)COCC(CNC(=O)*)O*,31.0,1.21,1.32,ok,ok,1.0,conductivity-analysis,0.0,,1,,,True,5.023821261343142e-05,0.0001436393358232,0.332,0.0746938122009835,manuscript_static_cNE0,Li_TFSI_O_contacts_ge_2,353.0,completed,,-4.373659632624958,-4.298965820423974,0.0746938122009835,MY_PAPER_RELATED/machine_readable/reference_selection_manifest_120.csv,MY_PAPER_RELATED/machine_readable/reference_run_status_120.csv,MY_PAPER_RELATED/gromacs_eval_pred_conductivity/reproducibility/static_cne0_release/data/reference/reference_static_cNE0_reassessment_108.csv
13857,middle_stratified,4.33e-05,0.105,7.9e-09,1.73e-08,CN(CCC#N)CC(C)(CO*)COC(=O)*,26.0,1.26,1.29,ok,ok,1.0,conductivity-analysis,0.0,,1,,,True,0.0003232104254764,0.0010273850554579,0.334,0.8729974645792042,manuscript_static_cNE0,Li_TFSI_O_contacts_ge_2,353.0,completed,,-4.363512103646634,-3.490514639067477,0.8729974645792042,MY_PAPER_RELATED/machine_readable/reference_selection_manifest_120.csv,MY_PAPER_RELATED/machine_readable/reference_run_status_120.csv,MY_PAPER_RELATED/gromacs_eval_pred_conductivity/reproducibility/static_cne0_release/data/reference/reference_static_cNE0_reassessment_108.csv
26636,middle_stratified,4.44e-05,0.458,1.1e-08,1.01e-08,CC(C)(CO*)NC(=O)CCNC(=O)*,17.0,1.34,1.42,failed,,,,,,0,pysoftk,,False,,,,,,,,failed,pysoftk,-4.35261702988538,,,MY_PAPER_RELATED/machine_readable/reference_selection_manifest_120.csv,MY_PAPER_RELATED/machine_readable/reference_run_status_120.csv,MY_PAPER_RELATED/gromacs_eval_pred_conductivity/reproducibility/static_cne0_release/data/reference/reference_static_cNE0_reassessment_108.csv
27929,middle_stratified,4.44e-05,-0.616,1.36e-08,3.44e-08,CC(C)(C)CCN(CCO*)CCOC(=O)*,19.0,1.17,1.35,ok,ok,1.0,conductivity-analysis,0.0,,1,,,True,3.452951389360366e-05,0.0001083911975723,0.328,0.1091925057185848,manuscript_static_cNE0,Li_TFSI_O_contacts_ge_2,353.0,completed,,-4.35261702988538,-4.461809535603965,0.1091925057185848,MY_PAPER_RELATED/machine_readable/reference_selection_manifest_120.csv,MY_PAPER_RELATED/machine_readable/reference_run_status_120.csv,MY_PAPER_RELATED/gromacs_eval_pred_conductivity/reproducibility/static_cne0_release/data/reference/reference_static_cNE0_reassessment_108.csv
24726,middle_stratified,4.54e-05,0.114,1.74e-08,2.07e-08,CNC(=S)NC(CO*)COC(=O)*,26.0,1.47,1.44,ok,ok,1.0,conductivity-analysis,0.0,,1,,,True,2.133668721392898e-05,6.820862759306654e-05,0.326,0.3279288621545264,manuscript_static_cNE0,Li_TFSI_O_contacts_ge_2,353.0,completed,,-4.342944147142896,-4.670873009297423,0.3279288621545264,MY_PAPER_RELATED/machine_readable/reference_selection_manifest_120.csv,MY_PAPER_RELATED/machine_readable/reference_run_status_120.csv,MY_PAPER_RELATED/gromacs_eval_pred_conductivity/reproducibility/static_cne0_release/data/reference/reference_static_cNE0_reassessment_108.csv
26863,middle_stratified,4.59e-05,-0.0125,7.92e-09,2.31e-08,CC(O*)C(=O)NCC(COC(=O)*)C(C)C,17.0,1.28,1.36,ok,ok,1.0,conductivity-analysis,0.0,,1,,,True,2.0472387393267184e-05,6.316593038588626e-05,0.33,0.350644194547227,manuscript_static_cNE0,Li_TFSI_O_contacts_ge_2,353.0,completed,,-4.338187314462739,-4.688831509009966,0.350644194547227,MY_PAPER_RELATED/machine_readable/reference_selection_manifest_120.csv,MY_PAPER_RELATED/machine_readable/reference_run_status_120.csv,MY_PAPER_RELATED/gromacs_eval_pred_conductivity/reproducibility/static_cne0_release/data/reference/reference_static_cNE0_reassessment_108.csv
28980,middle_stratified,4.62e-05,0.437,1.25e-08,1.4e-08,CCC(CO*)C(=O)NCC#CCOC(=O)*,14.0,1.35,1.39,failed,failed,10.0,conductivity-analysis,-6.0,unknown,10,pysoftk,,False,,,,,,,,failed,pysoftk,-4.335358024443875,,,MY_PAPER_RELATED/machine_readable/reference_selection_manifest_120.csv,MY_PAPER_RELATED/machine_readable/reference_run_status_120.csv,MY_PAPER_RELATED/gromacs_eval_pred_conductivity/reproducibility/static_cne0_release/data/reference/reference_static_cNE0_reassessment_108.csv
29412,middle_stratified,4.68e-05,0.102,9.41e-09,2.15e-08,CC(C)(OC(=O)*)C(=O)NC(CCF)CO*,19.0,1.39,1.49,ok,ok,1.0,conductivity-analysis,0.0,,1,,,True,2.634515380130568e-05,8.492346744558285e-05,0.332,0.2495451147747915,manuscript_static_cNE0,Li_TFSI_O_contacts_ge_2,353.0,completed,,-4.329754146925876,-4.579299261700667,0.2495451147747915,MY_PAPER_RELATED/machine_readable/reference_selection_manifest_120.csv,MY_PAPER_RELATED/machine_readable/reference_run_status_120.csv,MY_PAPER_RELATED/gromacs_eval_pred_conductivity/reproducibility/static_cne0_release/data/reference/reference_static_cNE0_reassessment_108.csv
29300,middle_stratified,4.84e-05,0.531,1.02e-08,1.14e-08,CC(CCNC(=O)*)NC(=O)CCCN*,14.0,1.32,1.48,ok,ok,1.0,conductivity-analysis,0.0,,1,,,True,2.1424145228450166e-05,7.333594232887307e-05,0.334,0.3539418580023959,manuscript_static_cNE0,Li_TFSI_O_contacts_ge_2,353.0,completed,,-4.315154638355588,-4.669096496357984,0.3539418580023959,MY_PAPER_RELATED/machine_readable/reference_selection_manifest_120.csv,MY_PAPER_RELATED/machine_readable/reference_run_status_120.csv,MY_PAPER_RELATED/gromacs_eval_pred_conductivity/reproducibility/static_cne0_release/data/reference/reference_static_cNE0_reassessment_108.csv
25249,middle_stratified,4.88e-05,-0.321,3.06e-08,4.77e-08,CC(C)CC(CNC(C)CCOC(=O)*)O*,17.0,1.15,1.36,ok,ok,1.0,conductivity-analysis,0.0,,1,,,True,5.247283224446023e-05,0.00018199333598,0.328,0.0315146840661109,manuscript_static_cNE0,Li_TFSI_O_contacts_ge_2,353.0,completed,,-4.311580177997289,-4.280065493931178,0.0315146840661109,MY_PAPER_RELATED/machine_readable/reference_selection_manifest_120.csv,MY_PAPER_RELATED/machine_readable/reference_run_status_120.csv,MY_PAPER_RELATED/gromacs_eval_pred_conductivity/reproducibility/static_cne0_release/data/reference/reference_static_cNE0_reassessment_108.csv
13465,middle_stratified,5.02e-05,-0.367,3.09e-08,6.05e-08,CCCC(CCOC(=O)*)NCC(CC)O*,17.0,1.16,1.36,ok,ok,1.0,conductivity-analysis,0.0,,1,,,True,5.972130928353924e-05,0.0002085143511183,0.33,0.0754256031468057,manuscript_static_cNE0,Li_TFSI_O_contacts_ge_2,353.0,completed,,-4.29929628285498,-4.223870679708175,0.0754256031468057,MY_PAPER_RELATED/machine_readable/reference_selection_manifest_120.csv,MY_PAPER_RELATED/machine_readable/reference_run_status_120.csv,MY_PAPER_RELATED/gromacs_eval_pred_conductivity/reproducibility/static_cne0_release/data/reference/reference_static_cNE0_reassessment_108.csv
9612,middle_stratified,5.08e-05,0.01,7.6e-09,1.62e-08,CNCCN(C)C(=O)CC(CNC(=O)*)O*,31.0,1.34,1.49,ok,ok,1.0,conductivity-analysis,0.0,,1,,,True,5.7946290667173006e-05,0.0001914306195507,0.33,0.0571619282859615,manuscript_static_cNE0,Li_TFSI_O_contacts_ge_2,353.0,completed,,-4.294136287716081,-4.2369743594301195,0.0571619282859615,MY_PAPER_RELATED/machine_readable/reference_selection_manifest_120.csv,MY_PAPER_RELATED/machine_readable/reference_run_status_120.csv,MY_PAPER_RELATED/gromacs_eval_pred_conductivity/reproducibility/static_cne0_release/data/reference/reference_static_cNE0_reassessment_108.csv
24323,middle_stratified,5.09e-05,0.168,2.27e-08,3.07e-08,CCC(CCCOC(=O)*)O*,22.0,1.24,1.42,ok,ok,1.0,conductivity-analysis,0.0,,1,,,True,4.787624431888453e-05,0.000170545584709,0.328,0.0265977077610691,manuscript_static_cNE0,Li_TFSI_O_contacts_ge_2,353.0,completed,,-4.293282217663242,-4.319879925424311,0.0265977077610691,MY_PAPER_RELATED/machine_readable/reference_selection_manifest_120.csv,MY_PAPER_RELATED/machine_readable/reference_run_status_120.csv,MY_PAPER_RELATED/gromacs_eval_pred_conductivity/reproducibility/static_cne0_release/data/reference/reference_static_cNE0_reassessment_108.csv
29136,middle_stratified,5.15e-05,0.197,1.48e-08,2.46e-08,C=CC(OC(=O)*)C(=O)N(C)CCCO*,17.0,1.33,1.46,ok,ok,1.0,conductivity-analysis,0.0,,1,,,True,2.3940410083040057e-05,7.573859098404733e-05,0.33,0.3326756437362097,manuscript_static_cNE0,Li_TFSI_O_contacts_ge_2,353.0,completed,,-4.288192770958809,-4.6208684146950185,0.3326756437362097,MY_PAPER_RELATED/machine_readable/reference_selection_manifest_120.csv,MY_PAPER_RELATED/machine_readable/reference_run_status_120.csv,MY_PAPER_RELATED/gromacs_eval_pred_conductivity/reproducibility/static_cne0_release/data/reference/reference_static_cNE0_reassessment_108.csv
28382,middle_stratified,5.27e-05,0.179,1.35e-08,1.2e-08,CC(C)(O*)C(OC(=O)*)C(=O)NCC(=O)O,31.0,1.5,1.48,ok,ok,1.0,conductivity-analysis,0.0,,1,,,True,1.408602701234412e-05,3.91151893036354e-05,0.328,0.5730220983221614,manuscript_static_cNE0,Li_TFSI_O_contacts_ge_2,353.0,completed,,-4.278189384787454,-4.851211483109615,0.5730220983221614,MY_PAPER_RELATED/machine_readable/reference_selection_manifest_120.csv,MY_PAPER_RELATED/machine_readable/reference_run_status_120.csv,MY_PAPER_RELATED/gromacs_eval_pred_conductivity/reproducibility/static_cne0_release/data/reference/reference_static_cNE0_reassessment_108.csv
13430,middle_stratified,5.33e-05,0.021,2.48e-08,3.12e-08,CCC(CC)(CN(C)CCO*)OC(=O)*,19.0,1.21,1.44,ok,ok,1.0,conductivity-analysis,0.0,,1,,,True,2.7763880011293225e-05,9.738913876588368e-05,0.326,0.2832470502068486,manuscript_static_cNE0,Li_TFSI_O_contacts_ge_2,353.0,completed,,-4.273272790973428,-4.556519841180276,0.2832470502068486,MY_PAPER_RELATED/machine_readable/reference_selection_manifest_120.csv,MY_PAPER_RELATED/machine_readable/reference_run_status_120.csv,MY_PAPER_RELATED/gromacs_eval_pred_conductivity/reproducibility/static_cne0_release/data/reference/reference_static_cNE0_reassessment_108.csv
13978,middle_stratified,5.36e-05,0.269,1.21e-08,1.63e-08,CCN(CCN*)C(=O)CCCCNC(=O)*,14.0,1.28,1.38,ok,ok,1.0,conductivity-analysis,0.0,,1,,,True,5.294472055227632e-05,0.0001771614992823,0.336,0.0053421292969813,manuscript_static_cNE0,Li_TFSI_O_contacts_ge_2,353.0,completed,,-4.27083521030723,-4.276177339604211,0.0053421292969813,MY_PAPER_RELATED/machine_readable/reference_selection_manifest_120.csv,MY_PAPER_RELATED/machine_readable/reference_run_status_120.csv,MY_PAPER_RELATED/gromacs_eval_pred_conductivity/reproducibility/static_cne0_release/data/reference/reference_static_cNE0_reassessment_108.csv
28752,middle_stratified,5.38e-05,-0.154,1.3e-08,2.51e-08,COC(=O)C(C)SCC(CO*)OC(=O)*,31.0,1.42,1.46,ok,ok,1.0,conductivity-analysis,0.0,,1,,,True,8.330353766176182e-05,0.0002755639688228,0.33,0.1898811693701531,manuscript_static_cNE0,Li_TFSI_O_contacts_ge_2,353.0,completed,,-4.269217724333611,-4.079336554963458,0.1898811693701531,MY_PAPER_RELATED/machine_readable/reference_selection_manifest_120.csv,MY_PAPER_RELATED/machine_readable/reference_run_status_120.csv,MY_PAPER_RELATED/gromacs_eval_pred_conductivity/reproducibility/static_cne0_release/data/reference/reference_static_cNE0_reassessment_108.csv
14750,middle_stratified,5.43e-05,-0.194,1.64e-08,3.03e-08,*OC(=O)OCC(OC)(OC)C*,26.0,1.43,1.47,ok,ok,1.0,conductivity-analysis,0.0,,1,,,True,5.970574210187821e-05,0.0001283432376017,0.34,0.0412162711090245,manuscript_static_cNE0,Li_TFSI_O_contacts_ge_2,353.0,completed,,-4.265200170411153,-4.223983899302128,0.0412162711090245,MY_PAPER_RELATED/machine_readable/reference_selection_manifest_120.csv,MY_PAPER_RELATED/machine_readable/reference_run_status_120.csv,MY_PAPER_RELATED/gromacs_eval_pred_conductivity/reproducibility/static_cne0_release/data/reference/reference_static_cNE0_reassessment_108.csv
29037,middle_stratified,5.44e-05,0.155,1.3e-08,1.73e-08,CC(OC(=O)*)C(C)S(=O)(=O)CCCO*,17.0,1.43,1.46,ok,ok,1.0,conductivity-analysis,0.0,,1,,,True,2.069722015998632e-05,2.263247873710837e-05,0.326,0.4196868803402448,manuscript_static_cNE0,Li_TFSI_O_contacts_ge_2,353.0,completed,,-4.2644011003018205,-4.684087980642065,0.4196868803402448,MY_PAPER_RELATED/machine_readable/reference_selection_manifest_120.csv,MY_PAPER_RELATED/machine_readable/reference_run_status_120.csv,MY_PAPER_RELATED/gromacs_eval_pred_conductivity/reproducibility/static_cne0_release/data/reference/reference_static_cNE0_reassessment_108.csv
9443,middle_stratified,5.65e-05,0.199,2.33e-08,4.44e-08,CCCN(CCO*)CCC(C)(C)OC(=O)*,17.0,1.18,1.36,ok,ok,1.0,conductivity-analysis,0.0,,1,,,True,3.412041305794695e-05,0.0001149654920861,0.326,0.219034167771162,manuscript_static_cNE0,Li_TFSI_O_contacts_ge_2,353.0,completed,,-4.247951552180561,-4.466985719951723,0.219034167771162,MY_PAPER_RELATED/machine_readable/reference_selection_manifest_120.csv,MY_PAPER_RELATED/machine_readable/reference_run_status_120.csv,MY_PAPER_RELATED/gromacs_eval_pred_conductivity/reproducibility/static_cne0_release/data/reference/reference_static_cNE0_reassessment_108.csv
9536,middle_stratified,5.66e-05,-0.217,1.26e-08,3.2e-08,C=CC(CNC(COC(=O)*)C(F)(F)F)O*,19.0,1.46,1.45,ok,ok,1.0,conductivity-analysis,0.0,,1,,,True,8.685834177663977e-05,0.0002949867155642,0.324,0.1859951027473405,manuscript_static_cNE0,Li_TFSI_O_contacts_ge_2,353.0,completed,,-4.247183568811729,-4.061188466064388,0.1859951027473405,MY_PAPER_RELATED/machine_readable/reference_selection_manifest_120.csv,MY_PAPER_RELATED/machine_readable/reference_run_status_120.csv,MY_PAPER_RELATED/gromacs_eval_pred_conductivity/reproducibility/static_cne0_release/data/reference/reference_static_cNE0_reassessment_108.csv
29600,middle_stratified,5.7e-05,0.275,1.16e-08,1.76e-08,CCC(COC(=O)*)C(=O)NCC=CCO*,14.0,1.32,1.38,ok,ok,1.0,conductivity-analysis,0.0,,1,,,True,3.1390457818054926e-05,9.996350658829982e-05,0.332,0.2590772059041136,manuscript_static_cNE0,Li_TFSI_O_contacts_ge_2,353.0,completed,,-4.2441251443275085,-4.503202350231622,0.2590772059041136,MY_PAPER_RELATED/machine_readable/reference_selection_manifest_120.csv,MY_PAPER_RELATED/machine_readable/reference_run_status_120.csv,MY_PAPER_RELATED/gromacs_eval_pred_conductivity/reproducibility/static_cne0_release/data/reference/reference_static_cNE0_reassessment_108.csv
29605,middle_stratified,5.81e-05,0.271,1.33e-08,1.16e-08,O=C(O)CNC(=O)C(COC(=O)*)N*,31.0,1.58,1.42,ok,ok,1.0,conductivity-analysis,0.0,,1,,,True,2.393294430793274e-05,5.872705784415002e-05,0.33,0.3851800021834837,manuscript_static_cNE0,Li_TFSI_O_contacts_ge_2,353.0,completed,,-4.235823867609669,-4.621003869793153,0.3851800021834837,MY_PAPER_RELATED/machine_readable/reference_selection_manifest_120.csv,MY_PAPER_RELATED/machine_readable/reference_run_status_120.csv,MY_PAPER_RELATED/gromacs_eval_pred_conductivity/reproducibility/static_cne0_release/data/reference/reference_static_cNE0_reassessment_108.csv
27788,middle_stratified,5.82e-05,-0.0934,1.35e-08,3e-08,C=CCN(C)C(=O)C(COC(=O)*)N*,31.0,1.36,1.45,ok,ok,1.0,conductivity-analysis,0.0,,1,,,True,3.747284520284936e-05,0.0001319067144924,0.328,0.1912063156023587,manuscript_static_cNE0,Li_TFSI_O_contacts_ge_2,353.0,completed,,-4.235077015350112,-4.4262833309524705,0.1912063156023587,MY_PAPER_RELATED/machine_readable/reference_selection_manifest_120.csv,MY_PAPER_RELATED/machine_readable/reference_run_status_120.csv,MY_PAPER_RELATED/gromacs_eval_pred_conductivity/reproducibility/static_cne0_release/data/reference/reference_static_cNE0_reassessment_108.csv
13835,middle_stratified,5.84e-05,-0.161,1.29e-08,3.16e-08,CC(C)C(C)(C#N)NCC(COC(=O)*)O*,31.0,1.24,1.26,ok,ok,1.0,conductivity-analysis,0.0,,1,,,True,2.35777526948476e-05,8.579804800868323e-05,0.328,0.3939104390055148,manuscript_static_cNE0,Li_TFSI_O_contacts_ge_2,353.0,completed,,-4.2335871528876,-4.627497591893116,0.3939104390055148,MY_PAPER_RELATED/machine_readable/reference_selection_manifest_120.csv,MY_PAPER_RELATED/machine_readable/reference_run_status_120.csv,MY_PAPER_RELATED/gromacs_eval_pred_conductivity/reproducibility/static_cne0_release/data/reference/reference_static_cNE0_reassessment_108.csv
27340,middle_stratified,6e-05,0.0682,1.18e-08,2.97e-08,CCCN(C)C(=O)C(CCN*)NC(=O)*,26.0,1.29,1.37,ok,ok,1.0,conductivity-analysis,0.0,,1,,,True,2.699354223240452e-05,0.0001069784242261,0.33,0.3468913717164965,manuscript_static_cNE0,Li_TFSI_O_contacts_ge_2,353.0,completed,,-4.221848749616356,-4.568740121332853,0.3468913717164965,MY_PAPER_RELATED/machine_readable/reference_selection_manifest_120.csv,MY_PAPER_RELATED/machine_readable/reference_run_status_120.csv,MY_PAPER_RELATED/gromacs_eval_pred_conductivity/reproducibility/static_cne0_release/data/reference/reference_static_cNE0_reassessment_108.csv
27154,middle_stratified,6.03e-05,0.0429,1.03e-08,2.19e-08,CCC(C)(O*)C(=O)NOCCOC(=O)*,17.0,1.38,1.44,ok,ok,1.0,conductivity-analysis,0.0,,1,,,True,1.3928549063042116e-05,3.5242963612550714e-05,0.334,0.6364114338162441,manuscript_static_cNE0,Li_TFSI_O_contacts_ge_2,353.0,completed,,-4.219682687859849,-4.856094121676093,0.6364114338162441,MY_PAPER_RELATED/machine_readable/reference_selection_manifest_120.csv,MY_PAPER_RELATED/machine_readable/reference_run_status_120.csv,MY_PAPER_RELATED/gromacs_eval_pred_conductivity/reproducibility/static_cne0_release/data/reference/reference_static_cNE0_reassessment_108.csv
14175,middle_stratified,6.23e-05,-0.138,3.25e-08,4.37e-08,CCC(C)N(CCCOC(=O)*)CCO*,17.0,1.21,1.45,ok,ok,1.0,conductivity-analysis,0.0,,1,,,True,5.920893038011704e-05,0.0001855739834181,0.328,0.0221008311135447,manuscript_static_cNE0,Li_TFSI_O_contacts_ge_2,353.0,completed,,-4.205511953340831,-4.227612784454375,0.0221008311135447,MY_PAPER_RELATED/machine_readable/reference_selection_manifest_120.csv,MY_PAPER_RELATED/machine_readable/reference_run_status_120.csv,MY_PAPER_RELATED/gromacs_eval_pred_conductivity/reproducibility/static_cne0_release/data/reference/reference_static_cNE0_reassessment_108.csv
28930,middle_stratified,6.3e-05,0.00228,1.73e-08,3.09e-08,C=CC(C)(O*)C(=O)N(CC)CCOC(=O)*,19.0,1.31,1.36,ok,ok,1.0,conductivity-analysis,0.0,,1,,,True,1.6269221793919917e-05,5.5090507355224784e-05,0.326,0.5879737696383771,manuscript_static_cNE0,Li_TFSI_O_contacts_ge_2,353.0,completed,,-4.200659450546418,-4.788633220184796,0.5879737696383771,MY_PAPER_RELATED/machine_readable/reference_selection_manifest_120.csv,MY_PAPER_RELATED/machine_readable/reference_run_status_120.csv,MY_PAPER_RELATED/gromacs_eval_pred_conductivity/reproducibility/static_cne0_release/data/reference/reference_static_cNE0_reassessment_108.csv
29224,middle_stratified,6.33e-05,0.127,1.65e-08,2.82e-08,C=C(C)CNC(=O)CC(CNC(=O)*)O*,31.0,1.32,1.35,ok,ok,1.0,conductivity-analysis,0.0,,1,,,True,3.4105589596780964e-05,0.0001229346441682,0.33,0.2685781482652676,manuscript_static_cNE0,Li_TFSI_O_contacts_ge_2,353.0,completed,,-4.198596289982645,-4.467174438247913,0.2685781482652676,MY_PAPER_RELATED/machine_readable/reference_selection_manifest_120.csv,MY_PAPER_RELATED/machine_readable/reference_run_status_120.csv,MY_PAPER_RELATED/gromacs_eval_pred_conductivity/reproducibility/static_cne0_release/data/reference/reference_static_cNE0_reassessment_108.csv
28974,middle_stratified,6.37e-05,0.243,1.42e-08,2.25e-08,C=CC(OC(=O)*)C(=O)NC(C)(C)CCO*,17.0,1.3,1.37,ok,ok,1.0,conductivity-analysis,0.0,,1,,,True,1.902805982714513e-05,6.212698932652742e-05,0.33,0.5247449240967278,manuscript_static_cNE0,Li_TFSI_O_contacts_ge_2,353.0,completed,,-4.195860567664649,-4.720605491761377,0.5247449240967278,MY_PAPER_RELATED/machine_readable/reference_selection_manifest_120.csv,MY_PAPER_RELATED/machine_readable/reference_run_status_120.csv,MY_PAPER_RELATED/gromacs_eval_pred_conductivity/reproducibility/static_cne0_release/data/reference/reference_static_cNE0_reassessment_108.csv
27274,middle_stratified,6.39e-05,0.319,1.31e-08,1.83e-08,CCC(COC(=O)*)NC(=O)CCO*,17.0,1.36,1.42,ok,ok,1.0,conductivity-analysis,0.0,,1,,,True,1.8279501776803554e-05,4.831929270018537e-05,0.332,0.5435365036606803,manuscript_static_cNE0,Li_TFSI_O_contacts_ge_2,353.0,completed,,-4.1944991418416,-4.73803564550228,0.5435365036606803,MY_PAPER_RELATED/machine_readable/reference_selection_manifest_120.csv,MY_PAPER_RELATED/machine_readable/reference_run_status_120.csv,MY_PAPER_RELATED/gromacs_eval_pred_conductivity/reproducibility/static_cne0_release/data/reference/reference_static_cNE0_reassessment_108.csv
13950,middle_stratified,6.41e-05,-0.011,1.01e-08,2.28e-08,CCC(CNC(CO*)C(N)=O)OC(=O)*,19.0,1.36,1.43,ok,ok,1.0,conductivity-analysis,0.0,,1,,,True,4.808769143696439e-05,0.0001472657995125,0.332,0.1248241012753928,manuscript_static_cNE0,Li_TFSI_O_contacts_ge_2,353.0,completed,,-4.193141970481182,-4.317966071756575,0.1248241012753928,MY_PAPER_RELATED/machine_readable/reference_selection_manifest_120.csv,MY_PAPER_RELATED/machine_readable/reference_run_status_120.csv,MY_PAPER_RELATED/gromacs_eval_pred_conductivity/reproducibility/static_cne0_release/data/reference/reference_static_cNE0_reassessment_108.csv
24008,middle_stratified,6.5e-05,0.334,1.28e-08,2.33e-08,O=C(*)OCCCCCS(=O)(=O)CCO*,14.0,1.43,1.45,ok,ok,1.0,conductivity-analysis,0.0,,1,,,True,3.341894972135603e-05,3.7179338803824864e-05,0.32,0.2889205597206418,manuscript_static_cNE0,Li_TFSI_O_contacts_ge_2,353.0,completed,,-4.187086643357144,-4.476007203077787,0.2889205597206418,MY_PAPER_RELATED/machine_readable/reference_selection_manifest_120.csv,MY_PAPER_RELATED/machine_readable/reference_run_status_120.csv,MY_PAPER_RELATED/gromacs_eval_pred_conductivity/reproducibility/static_cne0_release/data/reference/reference_static_cNE0_reassessment_108.csv
13578,middle_stratified,6.57e-05,0.179,1.93e-08,2.95e-08,CCC(CN(C)CC(C)N*)OC(=O)*,19.0,1.2,1.4,ok,ok,1.0,conductivity-analysis,0.0,,1,,,True,0.000110730395463,0.0003872204703901,0.324,0.2267014813995561,manuscript_static_cNE0,Li_TFSI_O_contacts_ge_2,353.0,completed,,-4.182434630440219,-3.9557331490407717,0.2267014813995561,MY_PAPER_RELATED/machine_readable/reference_selection_manifest_120.csv,MY_PAPER_RELATED/machine_readable/reference_run_status_120.csv,MY_PAPER_RELATED/gromacs_eval_pred_conductivity/reproducibility/static_cne0_release/data/reference/reference_static_cNE0_reassessment_108.csv
26584,middle_stratified,6.57e-05,-0.0879,2.14e-08,3.85e-08,C=CC(CNC(C)(C)CCO*)OC(=O)*,17.0,1.22,1.46,ok,ok,1.0,conductivity-analysis,0.0,,1,,,True,6.702294053536218e-05,0.0002272704091784,0.328,0.0086581084048058,manuscript_static_cNE0,Li_TFSI_O_contacts_ge_2,353.0,completed,,-4.182434630440219,-4.173776522035413,0.0086581084048058,MY_PAPER_RELATED/machine_readable/reference_selection_manifest_120.csv,MY_PAPER_RELATED/machine_readable/reference_run_status_120.csv,MY_PAPER_RELATED/gromacs_eval_pred_conductivity/reproducibility/static_cne0_release/data/reference/reference_static_cNE0_reassessment_108.csv
28610,middle_stratified,6.76e-05,-0.359,1.24e-08,2.65e-08,CC(OC(=O)*)C(=O)NC(C)(C)CO*,19.0,1.33,1.39,ok,ok,1.0,conductivity-analysis,0.0,,1,,,True,2.052435513323976e-05,7.100370057890008e-05,0.332,0.5176771752890227,manuscript_static_cNE0,Li_TFSI_O_contacts_ge_2,353.0,completed,,-4.170053304058364,-4.687730479347387,0.5176771752890227,MY_PAPER_RELATED/machine_readable/reference_selection_manifest_120.csv,MY_PAPER_RELATED/machine_readable/reference_run_status_120.csv,MY_PAPER_RELATED/gromacs_eval_pred_conductivity/reproducibility/static_cne0_release/data/reference/reference_static_cNE0_reassessment_108.csv
25060,middle_stratified,6.95e-05,0.304,2.32e-08,2.98e-08,CCC(OC(=O)*)C(=O)OCCCCO*,16.0,1.31,1.39,ok,ok,1.0,conductivity-analysis,0.0,,1,,,True,4.322041127404741e-05,0.0001501999370746,0.328,0.2062959093913523,manuscript_static_cNE0,Li_TFSI_O_contacts_ge_2,353.0,completed,,-4.158015195409886,-4.364311104801239,0.2062959093913523,MY_PAPER_RELATED/machine_readable/reference_selection_manifest_120.csv,MY_PAPER_RELATED/machine_readable/reference_run_status_120.csv,MY_PAPER_RELATED/gromacs_eval_pred_conductivity/reproducibility/static_cne0_release/data/reference/reference_static_cNE0_reassessment_108.csv
24419,middle_stratified,7.05e-05,-0.506,2.41e-08,5.67e-08,CSCCC(C)NCC(COC(=O)*)O*,31.0,1.3,1.46,ok,ok,1.0,conductivity-analysis,0.0,,1,,,True,0.0001070296367663,0.0003657264313479,0.326,0.181314934543545,manuscript_static_cNE0,Li_TFSI_O_contacts_ge_2,353.0,completed,,-4.151810883008602,-3.970495948465409,0.181314934543545,MY_PAPER_RELATED/machine_readable/reference_selection_manifest_120.csv,MY_PAPER_RELATED/machine_readable/reference_run_status_120.csv,MY_PAPER_RELATED/gromacs_eval_pred_conductivity/reproducibility/static_cne0_release/data/reference/reference_static_cNE0_reassessment_108.csv
14373,middle_stratified,7.17e-05,0.0548,1.96e-08,3.07e-08,CC(CCOC(=O)C(C)(C)O*)OC(=O)*,17.0,1.29,1.44,ok,ok,1.0,conductivity-analysis,0.0,,1,,,True,1.6573002382137844e-05,6.259717292124428e-05,0.334,0.6361179628864636,manuscript_static_cNE0,Li_TFSI_O_contacts_ge_2,353.0,completed,,-4.1444808443322,-4.780598807218664,0.6361179628864636,MY_PAPER_RELATED/machine_readable/reference_selection_manifest_120.csv,MY_PAPER_RELATED/machine_readable/reference_run_status_120.csv,MY_PAPER_RELATED/gromacs_eval_pred_conductivity/reproducibility/static_cne0_release/data/reference/reference_static_cNE0_reassessment_108.csv
28466,middle_stratified,7.38e-05,0.268,1.79e-08,2.33e-08,COC(C)CCNC(=O)C(CO*)NC(=O)*,31.0,1.35,1.49,failed,,,,,,0,pysoftk,,False,,,,,,,,failed,pysoftk,-4.131943638176958,,,MY_PAPER_RELATED/machine_readable/reference_selection_manifest_120.csv,MY_PAPER_RELATED/machine_readable/reference_run_status_120.csv,MY_PAPER_RELATED/gromacs_eval_pred_conductivity/reproducibility/static_cne0_release/data/reference/reference_static_cNE0_reassessment_108.csv
24864,middle_stratified,7.44e-05,0.327,1.39e-08,1.64e-08,CN(CCN*)C(=O)CNCCNC(=O)*,14.0,1.35,1.47,ok,ok,1.0,conductivity-analysis,0.0,,1,,,True,8.743919250192384e-05,0.0002714280969839,0.338,0.0701332027189843,manuscript_static_cNE0,Li_TFSI_O_contacts_ge_2,353.0,completed,,-4.128427064454121,-4.058293861735137,0.0701332027189843,MY_PAPER_RELATED/machine_readable/reference_selection_manifest_120.csv,MY_PAPER_RELATED/machine_readable/reference_run_status_120.csv,MY_PAPER_RELATED/gromacs_eval_pred_conductivity/reproducibility/static_cne0_release/data/reference/reference_static_cNE0_reassessment_108.csv
24426,middle_stratified,7.91e-05,0.523,2.15e-08,2.21e-08,CC(C)CC(CNC(=O)*)N*,31.0,1.22,1.41,ok,ok,1.0,conductivity-analysis,0.0,,1,,,True,1.7653569207870513e-05,6.785596257970264e-05,0.328,0.6513439590104562,manuscript_static_cNE0,Li_TFSI_O_contacts_ge_2,353.0,completed,,-4.101823516502323,-4.75316747551278,0.6513439590104562,MY_PAPER_RELATED/machine_readable/reference_selection_manifest_120.csv,MY_PAPER_RELATED/machine_readable/reference_run_status_120.csv,MY_PAPER_RELATED/gromacs_eval_pred_conductivity/reproducibility/static_cne0_release/data/reference/reference_static_cNE0_reassessment_108.csv
14424,middle_stratified,8.04e-05,0.0552,1.58e-08,3.93e-08,CC#CCN(CCO*)CCOC(=O)*,19.0,1.28,1.42,ok,ok,1.0,conductivity-analysis,0.0,,1,,,True,9.335396848091596e-05,0.0002909888285538,0.33,0.0648767358047767,manuscript_static_cNE0,Li_TFSI_O_contacts_ge_2,353.0,completed,,-4.094743951251549,-4.029867215446772,0.0648767358047767,MY_PAPER_RELATED/machine_readable/reference_selection_manifest_120.csv,MY_PAPER_RELATED/machine_readable/reference_run_status_120.csv,MY_PAPER_RELATED/gromacs_eval_pred_conductivity/reproducibility/static_cne0_release/data/reference/reference_static_cNE0_reassessment_108.csv
14520,middle_stratified,8.05e-05,-0.0396,1.02e-08,3.45e-08,CCC(CNC(=O)CCOC(=O)*)O*,17.0,1.35,1.42,ok,ok,1.0,conductivity-analysis,0.0,,1,,,True,2.547664484053445e-05,7.6406377618377e-05,0.332,0.4996536475674337,manuscript_static_cNE0,Li_TFSI_O_contacts_ge_2,353.0,completed,,-4.094204119632131,-4.593857767199565,0.4996536475674337,MY_PAPER_RELATED/machine_readable/reference_selection_manifest_120.csv,MY_PAPER_RELATED/machine_readable/reference_run_status_120.csv,MY_PAPER_RELATED/gromacs_eval_pred_conductivity/reproducibility/static_cne0_release/data/reference/reference_static_cNE0_reassessment_108.csv
14307,middle_stratified,8.09e-05,0.0427,1.82e-08,3.69e-08,CN(CCCCCO*)CCCCNC(=O)*,12.0,1.18,1.48,ok,ok,1.0,conductivity-analysis,0.0,,1,,,True,0.0005109633666141,0.0016804371889265,0.326,0.8004412430085,manuscript_static_cNE0,Li_TFSI_O_contacts_ge_2,353.0,completed,,-4.092051478387727,-3.2916102353792915,0.8004412430085,MY_PAPER_RELATED/machine_readable/reference_selection_manifest_120.csv,MY_PAPER_RELATED/machine_readable/reference_run_status_120.csv,MY_PAPER_RELATED/gromacs_eval_pred_conductivity/reproducibility/static_cne0_release/data/reference/reference_static_cNE0_reassessment_108.csv
28550,middle_stratified,8.22e-05,0.0799,1.2e-08,3.03e-08,CCC(CO*)NC(=O)CCCCOC(=O)*,14.0,1.3,1.49,ok,ok,1.0,conductivity-analysis,0.0,,1,,,True,4.464440453975295e-05,0.0001376848116979,0.332,0.2651047827541921,manuscript_static_cNE0,Li_TFSI_O_contacts_ge_2,353.0,completed,,-4.0851281824599495,-4.350232965214142,0.2651047827541921,MY_PAPER_RELATED/machine_readable/reference_selection_manifest_120.csv,MY_PAPER_RELATED/machine_readable/reference_run_status_120.csv,MY_PAPER_RELATED/gromacs_eval_pred_conductivity/reproducibility/static_cne0_release/data/reference/reference_static_cNE0_reassessment_108.csv
27830,middle_stratified,8.46e-05,-0.264,3.07e-08,5.99e-08,CC(C)CCN(CCO*)CCOC(=O)*,19.0,1.19,1.44,ok,ok,1.0,conductivity-analysis,0.0,,1,,,True,0.0001021301157213,0.0003313974670121,0.332,0.0817834609584425,manuscript_static_cNE0,Li_TFSI_O_contacts_ge_2,353.0,completed,,-4.0726296369609765,-3.9908461760028606,0.0817834609584425,MY_PAPER_RELATED/machine_readable/reference_selection_manifest_120.csv,MY_PAPER_RELATED/machine_readable/reference_run_status_120.csv,MY_PAPER_RELATED/gromacs_eval_pred_conductivity/reproducibility/static_cne0_release/data/reference/reference_static_cNE0_reassessment_108.csv
14009,middle_stratified,8.62e-05,0.234,1.61e-08,2.79e-08,CCNCCNC(=O)CC(CNC(=O)*)O*,31.0,1.34,1.49,failed,,,,,,0,pysoftk,,False,,,,,,,,failed,pysoftk,-4.064492734175287,,,MY_PAPER_RELATED/machine_readable/reference_selection_manifest_120.csv,MY_PAPER_RELATED/machine_readable/reference_run_status_120.csv,MY_PAPER_RELATED/gromacs_eval_pred_conductivity/reproducibility/static_cne0_release/data/reference/reference_static_cNE0_reassessment_108.csv
27217,middle_stratified,8.67e-05,-0.068,1.99e-08,3.18e-08,CCC(CCNC(=O)CCO*)OC(=O)*,16.0,1.33,1.4,ok,ok,1.0,conductivity-analysis,0.0,,1,,,True,1.5908398345978962e-05,5.161186041254265e-05,0.334,0.7363926403009033,manuscript_static_cNE0,Li_TFSI_O_contacts_ge_2,353.0,completed,,-4.06198090252379,-4.798373542824693,0.7363926403009033,MY_PAPER_RELATED/machine_readable/reference_selection_manifest_120.csv,MY_PAPER_RELATED/machine_readable/reference_run_status_120.csv,MY_PAPER_RELATED/gromacs_eval_pred_conductivity/reproducibility/static_cne0_release/data/reference/reference_static_cNE0_reassessment_108.csv
13421,middle_stratified,9.07e-05,0.0967,1.28e-08,3.1e-08,CC(C)(CCC(=O)NCCCOC(=O)*)N*,14.0,1.28,1.38,ok,ok,1.0,conductivity-analysis,0.0,,1,,,True,1.8821583602044344e-05,6.222003306499047e-05,0.332,0.6829511259552656,manuscript_static_cNE0,Li_TFSI_O_contacts_ge_2,353.0,completed,,-4.042392712939905,-4.725343838895171,0.6829511259552656,MY_PAPER_RELATED/machine_readable/reference_selection_manifest_120.csv,MY_PAPER_RELATED/machine_readable/reference_run_status_120.csv,MY_PAPER_RELATED/gromacs_eval_pred_conductivity/reproducibility/static_cne0_release/data/reference/reference_static_cNE0_reassessment_108.csv
14318,middle_stratified,9.33e-05,0.141,3.05e-08,5.15e-08,CN(CCCCCCO*)CCOC(=O)*,13.0,1.2,1.45,ok,ok,1.0,conductivity-analysis,0.0,,1,,,True,0.0003607961326337,0.0012286631386788,0.332,0.5873802299548648,manuscript_static_cNE0,Li_TFSI_O_contacts_ge_2,353.0,completed,,-4.0301183562535,-3.4427381262987358,0.5873802299548648,MY_PAPER_RELATED/machine_readable/reference_selection_manifest_120.csv,MY_PAPER_RELATED/machine_readable/reference_run_status_120.csv,MY_PAPER_RELATED/gromacs_eval_pred_conductivity/reproducibility/static_cne0_release/data/reference/reference_static_cNE0_reassessment_108.csv
28034,middle_stratified,9.37e-05,0.00802,2.45e-08,3.91e-08,C#CCOCC(CNC(C=C)COC(=O)*)O*,19.0,1.29,1.45,ok,ok,1.0,conductivity-analysis,0.0,,1,,,True,4.9100068722794485e-05,0.00012469034794,0.334,0.280657490905145,manuscript_static_cNE0,Li_TFSI_O_contacts_ge_2,353.0,completed,,-4.028260409112222,-4.3089179000173665,0.280657490905145,MY_PAPER_RELATED/machine_readable/reference_selection_manifest_120.csv,MY_PAPER_RELATED/machine_readable/reference_run_status_120.csv,MY_PAPER_RELATED/gromacs_eval_pred_conductivity/reproducibility/static_cne0_release/data/reference/reference_static_cNE0_reassessment_108.csv
28890,middle_stratified,9.46e-05,-0.00479,1.32e-08,3.89e-08,C=CC(C)(O*)C(=O)NCCCCOC(=O)*,16.0,1.32,1.45,failed,,,,,,0,pysoftk,,False,,,,,,,,failed,pysoftk,-4.024108863598207,,,MY_PAPER_RELATED/machine_readable/reference_selection_manifest_120.csv,MY_PAPER_RELATED/machine_readable/reference_run_status_120.csv,MY_PAPER_RELATED/gromacs_eval_pred_conductivity/reproducibility/static_cne0_release/data/reference/reference_static_cNE0_reassessment_108.csv
14072,middle_stratified,9.76e-05,0.121,2.31e-08,2.24e-08,CS(C)(=O)=NC(=O)CC(CNC(=O)*)O*,31.0,1.48,1.46,ok,ok,1.0,conductivity-analysis,0.0,,1,,,True,2.255488488339206e-05,2.624116752552869e-05,0.332,0.6362092027984773,manuscript_static_cNE0,Li_TFSI_O_contacts_ge_2,353.0,completed,,-4.010550182333308,-4.646759385131785,0.6362092027984773,MY_PAPER_RELATED/machine_readable/reference_selection_manifest_120.csv,MY_PAPER_RELATED/machine_readable/reference_run_status_120.csv,MY_PAPER_RELATED/gromacs_eval_pred_conductivity/reproducibility/static_cne0_release/data/reference/reference_static_cNE0_reassessment_108.csv
14594,middle_stratified,9.84e-05,0.0598,3.83e-08,5.3e-08,C=C(Cl)CN(CCCO*)CCOC(=O)*,17.0,1.37,1.48,ok,ok,1.0,conductivity-analysis,0.0,,1,,,True,0.000207533359679,0.0006513667521059,0.328,0.324092818327752,manuscript_static_cNE0,Li_TFSI_O_contacts_ge_2,353.0,completed,,-4.007004901568658,-3.682912083240929,0.324092818327752,MY_PAPER_RELATED/machine_readable/reference_selection_manifest_120.csv,MY_PAPER_RELATED/machine_readable/reference_run_status_120.csv,MY_PAPER_RELATED/gromacs_eval_pred_conductivity/reproducibility/static_cne0_release/data/reference/reference_static_cNE0_reassessment_108.csv
28736,middle_stratified,0.000102,-0.155,2.69e-08,5.64e-08,CCCCOCCNC(CO*)COC(=O)*,26.0,1.24,1.47,ok,ok,1.0,conductivity-analysis,0.0,,1,,,True,0.0001162909399783,0.0002770895140943,0.33,0.0569457091688509,manuscript_static_cNE0,Li_TFSI_O_contacts_ge_2,353.0,completed,,-3.9913998282380825,-3.9344541190694855,0.0569457091688509,MY_PAPER_RELATED/machine_readable/reference_selection_manifest_120.csv,MY_PAPER_RELATED/machine_readable/reference_run_status_120.csv,MY_PAPER_RELATED/gromacs_eval_pred_conductivity/reproducibility/static_cne0_release/data/reference/reference_static_cNE0_reassessment_108.csv
14672,middle_stratified,0.000105,0.0422,2.03e-08,5.54e-08,CCOCCOCC(CN*)OC(=O)*,31.0,1.27,1.41,ok,ok,1.0,conductivity-analysis,0.0,,1,,,True,0.000209922809674,0.0003100385242128,0.338,0.3008703314007419,manuscript_static_cNE0,Li_TFSI_O_contacts_ge_2,353.0,completed,,-3.9788107009300617,-3.677940369529338,0.3008703314007419,MY_PAPER_RELATED/machine_readable/reference_selection_manifest_120.csv,MY_PAPER_RELATED/machine_readable/reference_run_status_120.csv,MY_PAPER_RELATED/gromacs_eval_pred_conductivity/reproducibility/static_cne0_release/data/reference/reference_static_cNE0_reassessment_108.csv
14419,middle_stratified,0.000116,0.295,3.46e-08,5.42e-08,C=CC(CNCCCCO*)OC(=O)*,16.0,1.23,1.39,ok,ok,1.0,conductivity-analysis,0.0,,1,,,True,0.0001255058288137,0.0004358937791249,0.328,0.0342059068123279,manuscript_static_cNE0,Li_TFSI_O_contacts_ge_2,353.0,completed,,-3.9355420107730814,-3.901336103961093,0.0342059068123279,MY_PAPER_RELATED/machine_readable/reference_selection_manifest_120.csv,MY_PAPER_RELATED/machine_readable/reference_run_status_120.csv,MY_PAPER_RELATED/gromacs_eval_pred_conductivity/reproducibility/static_cne0_release/data/reference/reference_static_cNE0_reassessment_108.csv
29758,middle_stratified,0.000117,0.11,3.74e-08,5.41e-08,C=C(C)CN(CCCO*)CCOC(=O)*,17.0,1.23,1.46,ok,ok,1.0,conductivity-analysis,0.0,,1,,,True,0.0001252460973962,0.00041075623537,0.33,0.0295783406118808,manuscript_static_cNE0,Li_TFSI_O_contacts_ge_2,353.0,completed,,-3.9318141382538383,-3.9022357976419615,0.0295783406118808,MY_PAPER_RELATED/machine_readable/reference_selection_manifest_120.csv,MY_PAPER_RELATED/machine_readable/reference_run_status_120.csv,MY_PAPER_RELATED/gromacs_eval_pred_conductivity/reproducibility/static_cne0_release/data/reference/reference_static_cNE0_reassessment_108.csv
14164,middle_stratified,0.000121,0.239,2.64e-08,4.99e-08,CCCCOCC(CNCCNC(=O)*)O*,19.0,1.2,1.34,ok,ok,1.0,conductivity-analysis,0.0,,1,,,True,0.0001627011333791,0.000520112826229,0.338,0.1286052079343799,manuscript_static_cNE0,Li_TFSI_O_contacts_ge_2,353.0,completed,,-3.9172146296835497,-3.7886094217492223,0.1286052079343799,MY_PAPER_RELATED/machine_readable/reference_selection_manifest_120.csv,MY_PAPER_RELATED/machine_readable/reference_run_status_120.csv,MY_PAPER_RELATED/gromacs_eval_pred_conductivity/reproducibility/static_cne0_release/data/reference/reference_static_cNE0_reassessment_108.csv
24521,middle_stratified,0.000126,0.431,2.55e-08,2.63e-08,O=C(CCCCOC(=O)*)NCCCCO*,12.0,1.31,1.47,ok,ok,1.0,conductivity-analysis,0.0,,1,,,True,8.260982910431562e-05,0.0002576363246169,0.332,0.1833388213830774,manuscript_static_cNE0,Li_TFSI_O_contacts_ge_2,353.0,completed,,-3.899629454882437,-4.082968276265515,0.1833388213830774,MY_PAPER_RELATED/machine_readable/reference_selection_manifest_120.csv,MY_PAPER_RELATED/machine_readable/reference_run_status_120.csv,MY_PAPER_RELATED/gromacs_eval_pred_conductivity/reproducibility/static_cne0_release/data/reference/reference_static_cNE0_reassessment_108.csv
14006,middle_stratified,0.000135,0.36,2.84e-08,4.41e-08,COCCN(CC#N)CC(COC(=O)*)O*,31.0,1.36,1.5,ok,ok,1.0,conductivity-analysis,0.0,,1,,,True,8.323423096491887e-05,0.0002111386523624,0.336,0.2100317972308542,manuscript_static_cNE0,Li_TFSI_O_contacts_ge_2,353.0,completed,,-3.869666231504994,-4.079698028735848,0.2100317972308542,MY_PAPER_RELATED/machine_readable/reference_selection_manifest_120.csv,MY_PAPER_RELATED/machine_readable/reference_run_status_120.csv,MY_PAPER_RELATED/gromacs_eval_pred_conductivity/reproducibility/static_cne0_release/data/reference/reference_static_cNE0_reassessment_108.csv
24028,middle_stratified,0.000184,0.0835,4.37e-08,7.16e-08,O=C(*)OCCSCCSCCO*,14.0,1.42,1.41,ok,ok,1.0,conductivity-analysis,0.0,,1,,,True,0.0002904254587968,0.0009325853572278,0.328,0.1982168610928027,manuscript_static_cNE0,Li_TFSI_O_contacts_ge_2,353.0,completed,,-3.7351821769904636,-3.536965315897775,0.1982168610928027,MY_PAPER_RELATED/machine_readable/reference_selection_manifest_120.csv,MY_PAPER_RELATED/machine_readable/reference_run_status_120.csv,MY_PAPER_RELATED/gromacs_eval_pred_conductivity/reproducibility/static_cne0_release/data/reference/reference_static_cNE0_reassessment_108.csv
14056,middle_stratified,0.000225,0.36,2.96e-08,4.5e-08,CN(CCO*)CCOCCNC(=O)*,14.0,1.27,1.44,ok,ok,1.0,conductivity-analysis,0.0,,1,,,True,0.0003484173503644,0.0008612450620666,0.342,0.189917255606373,manuscript_static_cNE0,Li_TFSI_O_contacts_ge_2,353.0,completed,,-3.6478174818886377,-3.457900226282348,0.189917255606373,MY_PAPER_RELATED/machine_readable/reference_selection_manifest_120.csv,MY_PAPER_RELATED/machine_readable/reference_run_status_120.csv,MY_PAPER_RELATED/gromacs_eval_pred_conductivity/reproducibility/static_cne0_release/data/reference/reference_static_cNE0_reassessment_108.csv
13979,middle_stratified,0.000268,0.35,3.99e-08,5.82e-08,CN(CCNC(=O)*)CCOCCO*,14.0,1.27,1.44,failed,,,,,,0,pysoftk,,False,,,,,,,,failed,pysoftk,-3.571865205971211,,,MY_PAPER_RELATED/machine_readable/reference_selection_manifest_120.csv,MY_PAPER_RELATED/machine_readable/reference_run_status_120.csv,MY_PAPER_RELATED/gromacs_eval_pred_conductivity/reproducibility/static_cne0_release/data/reference/reference_static_cNE0_reassessment_108.csv
27723,middle_stratified,0.000352,0.0393,9.14e-08,2.34e-07,*CCCCCCOCCOCCOCCOCC*,9.0,1.11,1.4,failed,,,,,,0,pysoftk,,False,,,,,,,,failed,pysoftk,-3.453457336521869,,,MY_PAPER_RELATED/machine_readable/reference_selection_manifest_120.csv,MY_PAPER_RELATED/machine_readable/reference_run_status_120.csv,MY_PAPER_RELATED/gromacs_eval_pred_conductivity/reproducibility/static_cne0_release/data/reference/reference_static_cNE0_reassessment_108.csv
14760,top,0.000773,0.28,8.74e-08,1.93e-07,*OC(=O)OCCOCCOCCOCCOCCOCC*,8.0,1.28,1.43,failed,,,,,,0,pysoftk,,False,,,,,,,,failed,pysoftk,-3.111820506081675,,,MY_PAPER_RELATED/machine_readable/reference_selection_manifest_120.csv,MY_PAPER_RELATED/machine_readable/reference_run_status_120.csv,MY_PAPER_RELATED/gromacs_eval_pred_conductivity/reproducibility/static_cne0_release/data/reference/reference_static_cNE0_reassessment_108.csv
27710,top,0.000776,0.251,1.15e-07,2.39e-07,*CCOCCOCCOCCOCCOCC*,9.0,1.18,1.47,ok,ok,1.0,conductivity-analysis,0.0,,1,,,True,0.0037186593711344,0.0038593363130102,0.326,0.6805246775869873,manuscript_static_cNE0,Li_TFSI_O_contacts_ge_2,353.0,completed,,-3.1101382787418115,-2.429613601154831,0.6805246775869873,MY_PAPER_RELATED/machine_readable/reference_selection_manifest_120.csv,MY_PAPER_RELATED/machine_readable/reference_run_status_120.csv,MY_PAPER_RELATED/gromacs_eval_pred_conductivity/reproducibility/static_cne0_release/data/reference/reference_static_cNE0_reassessment_108.csv
27628,top,0.000807,0.288,1.3e-07,2.56e-07,*CCOCCOCCOCCOCC*,11.0,1.17,1.46,ok,ok,1.0,conductivity-analysis,0.0,,1,,,True,0.0033690467232687,0.0036727413172312,0.33,0.6206334992679747,manuscript_static_cNE0,Li_TFSI_O_contacts_ge_2,353.0,completed,,-3.09312646527793,-2.4724929660099555,0.6206334992679747,MY_PAPER_RELATED/machine_readable/reference_selection_manifest_120.csv,MY_PAPER_RELATED/machine_readable/reference_run_status_120.csv,MY_PAPER_RELATED/gromacs_eval_pred_conductivity/reproducibility/static_cne0_release/data/reference/reference_static_cNE0_reassessment_108.csv
14754,top,0.000959,0.329,2.62e-07,3.37e-07,*CCCCOCCOCCOCCOCCOCC*,8.0,1.16,1.49,ok,ok,1.0,conductivity-analysis,0.0,,1,,,True,0.0039075360095769,0.0040653019913677,0.326,0.6100843817441044,manuscript_static_cNE0,Li_TFSI_O_contacts_ge_2,353.0,completed,,-3.0181813928293364,-2.408097011085235,0.6100843817441044,MY_PAPER_RELATED/machine_readable/reference_selection_manifest_120.csv,MY_PAPER_RELATED/machine_readable/reference_run_status_120.csv,MY_PAPER_RELATED/gromacs_eval_pred_conductivity/reproducibility/static_cne0_release/data/reference/reference_static_cNE0_reassessment_108.csv
27670,top,0.00103,0.25,1e-07,2.3e-07,*OCOCCOCC*,19.0,1.25,1.47,ok,ok,1.0,conductivity-analysis,0.0,,1,,,True,0.001497607958888,0.0015848088943217,0.328,0.1625609147096774,manuscript_static_cNE0,Li_TFSI_O_contacts_ge_2,353.0,completed,,-2.9871627752948275,-2.824601860585166,0.1625609147096774,MY_PAPER_RELATED/machine_readable/reference_selection_manifest_120.csv,MY_PAPER_RELATED/machine_readable/reference_run_status_120.csv,MY_PAPER_RELATED/gromacs_eval_pred_conductivity/reproducibility/static_cne0_release/data/reference/reference_static_cNE0_reassessment_108.csv
27624,top,0.00108,0.252,1.28e-07,3.06e-07,*OCC*,51.0,1.21,1.46,ok,ok,1.0,conductivity-analysis,0.0,,1,,,True,0.0069417550628221,0.0071264517911528,0.324,0.8080455302037559,manuscript_static_cNE0,Li_TFSI_O_contacts_ge_2,353.0,completed,,-2.96657624451305,-2.1585307143092987,0.8080455302037559,MY_PAPER_RELATED/machine_readable/reference_selection_manifest_120.csv,MY_PAPER_RELATED/machine_readable/reference_run_status_120.csv,MY_PAPER_RELATED/gromacs_eval_pred_conductivity/reproducibility/static_cne0_release/data/reference/reference_static_cNE0_reassessment_108.csv
14769,top,0.0011,0.322,1.93e-07,3.33e-07,*CCOCCOCCOCCOCC*,11.0,1.17,1.46,ok,ok,1.0,conductivity-analysis,0.0,,1,,,True,0.003616367224619,0.0039706231034109,0.336,0.5168798393906796,manuscript_static_cNE0,Li_TFSI_O_contacts_ge_2,353.0,completed,,-2.958607314841775,-2.4417274754511045,0.5168798393906796,MY_PAPER_RELATED/machine_readable/reference_selection_manifest_120.csv,MY_PAPER_RELATED/machine_readable/reference_run_status_120.csv,MY_PAPER_RELATED/gromacs_eval_pred_conductivity/reproducibility/static_cne0_release/data/reference/reference_static_cNE0_reassessment_108.csv
14748,top,0.00111,0.36,2.11e-07,2.93e-07,*CCOCCOCCOCCOCCOCC*,9.0,1.18,1.47,ok,ok,1.0,conductivity-analysis,0.0,,1,,,True,0.0036265604810459,0.0037661954090506,0.328,0.5141719459079755,manuscript_static_cNE0,Li_TFSI_O_contacts_ge_2,353.0,completed,,-2.9546770212133424,-2.440505075305374,0.5141719459079755,MY_PAPER_RELATED/machine_readable/reference_selection_manifest_120.csv,MY_PAPER_RELATED/machine_readable/reference_run_status_120.csv,MY_PAPER_RELATED/gromacs_eval_pred_conductivity/reproducibility/static_cne0_release/data/reference/reference_static_cNE0_reassessment_108.csv
14768,top,0.00132,0.459,2.12e-07,2.12e-07,*OCOCCOCC*,19.0,1.25,1.47,ok,ok,1.0,conductivity-analysis,0.0,,1,,,True,0.0014263930960998,0.0015126719465746,0.33,0.0336652969332591,manuscript_static_cNE0,Li_TFSI_O_contacts_ge_2,353.0,completed,,-2.87942606879415,-2.8457607718608964,0.0336652969332591,MY_PAPER_RELATED/machine_readable/reference_selection_manifest_120.csv,MY_PAPER_RELATED/machine_readable/reference_run_status_120.csv,MY_PAPER_RELATED/gromacs_eval_pred_conductivity/reproducibility/static_cne0_release/data/reference/reference_static_cNE0_reassessment_108.csv
14764,top,0.00157,0.389,2.63e-07,3.66e-07,*OCC*,51.0,1.21,1.46,ok,ok,1.0,conductivity-analysis,0.0,,1,,,True,0.0066492606241331,0.006817035200064,0.326,0.6268737034635878,manuscript_static_cNE0,Li_TFSI_O_contacts_ge_2,353.0,completed,,-2.8041003475907664,-2.1772266441271806,0.6268737034635878,MY_PAPER_RELATED/machine_readable/reference_selection_manifest_120.csv,MY_PAPER_RELATED/machine_readable/reference_run_status_120.csv,MY_PAPER_RELATED/gromacs_eval_pred_conductivity/reproducibility/static_cne0_release/data/reference/reference_static_cNE0_reassessment_108.csv
